{"type":"FeatureCollection","features":[{"type":"Feature","properties":{"clv":"I","name":"Península de Baja California","pressure":89.9,"grade":"Alto"},"geometry":{"type":"MultiPolygon","coordinates":[[[[-114.8126,32.4938],[-114.8436,32.4755],[-114.9342,32.4779],[-114.9333,32.4464],[-114.9665,32.3915],[-114.9663,32.342],[-115.0454,32.2743],[-115.0534,32.2444],[-114.9734,32.1783],[-114.988,32.1488],[-114.963,32.0688],[-114.9778,32.07],[-114.9648,32.0214],[-115.0149,31.9904],[-115.0046,31.9998],[-114.9779,31.9773],[-114.9736,31.9236],[-114.9458,31.913],[-114.9183,31.8682],[-114.8499,31.865],[-114.8066,31.817],[-114.8178,31.7514],[-114.7836,31.6356],[-114.7955,31.6121],[-114.8164,31.6097],[-114.8579,31.5012],[-114.8905,31.1503],[-114.8674,31.0903],[-114.8145,31.0529],[-114.8318,31.0264],[-114.8287,30.9933],[-114.7202,30.9372],[-114.7096,30.9059],[-114.7092,30.843],[-114.6936,30.8183],[-114.698,30.6302],[-114.63,30.4901],[-114.6348,30.3502],[-114.6564,30.283],[-114.6398,30.2604],[-114.668,30.1912],[-114.6293,30.121],[-114.6022,30.1048],[-114.5368,29.9704],[-114.488,29.9488],[-114.471,29.9133],[-114.413,29.8907],[-114.4136,29.8476],[-114.3688,29.8077],[-114.3949,29.808],[-114.388,29.7788],[-114.3305,29.7425],[-114.2943,29.7428],[-114.2803,29.7723],[-114.2062,29.7426],[-114.1817,29.7079],[-114.0634,29.6286],[-114.0467,29.5967],[-113.9943,29.5776],[-113.8969,29.4848],[-113.8361,29.4559],[-113.8252,29.4294],[-113.7738,29.4105],[-113.6375,29.2834],[-113.626,29.2548],[-113.6561,29.2085],[-113.5704,29.1158],[-113.5394,29.0586],[-113.5344,29.0328],[-113.5489,29.0401],[-113.5622,29.0049],[-113.5409,28.9557],[-113.5575,28.947],[-113.5266,28.8932],[-113.4796,28.8937],[-113.4812,28.9414],[-113.438,28.9594],[-113.4169,28.924],[-113.386,28.9391],[-113.3945,28.9152],[-113.3683,28.9042],[-113.3807,28.8945],[-113.3582,28.8737],[-113.3711,28.837],[-113.354,28.8058],[-113.3125,28.8037],[-113.2519,28.8401],[-113.1964,28.7923],[-113.1896,28.7298],[-113.1588,28.6601],[-113.1288,28.6326],[-113.1035,28.5051],[-113.0156,28.4574],[-112.9033,28.4747],[-112.8742,28.4499],[-112.8797,28.4335],[-112.846,28.4399],[-112.873,28.2818],[-112.7865,28.1961],[-112.812,28.1358],[-112.789,28.0678],[-112.8042,28.0242],[-112.7621,27.9964],[-112.7714,27.862],[-112.7199,27.8254],[-112.7013,27.7513],[-112.6603,27.711],[-112.6361,27.7081],[-112.5954,27.6505],[-112.4869,27.6208],[-112.3591,27.5518],[-112.33,27.5176],[-112.3032,27.3859],[-112.2375,27.3204],[-112.1991,27.2516],[-112.2125,27.2038],[-112.0969,27.1329],[-111.9535,27.0964],[-111.9457,27.0697],[-111.9895,27.0553],[-112.0156,26.9816],[-111.949,26.8904],[-111.9158,26.8772],[-111.9023,26.8532],[-111.8213,26.8956],[-111.8015,26.8889],[-111.7213,26.8068],[-111.6663,26.7799],[-111.647,26.7448],[-111.5616,26.6968],[-111.5676,26.5626],[-111.5028,26.5302],[-111.4605,26.5373],[-111.4421,26.5178],[-111.4713,26.4615],[-111.4693,26.4133],[-111.425,26.3806],[-111.4345,26.3627],[-111.4036,26.3504],[-111.3866,26.322],[-111.383,26.2813],[-111.3977,26.2555],[-111.3543,26.1287],[-111.3241,26.0999],[-111.3191,26.0689],[-111.3457,26.0279],[-111.3385,25.9872],[-111.3586,25.9597],[-111.3368,25.9074],[-111.3334,25.8364],[-111.2923,25.8123],[-111.308,25.8129],[-111.3063,25.7734],[-111.2429,25.7212],[-111.2239,25.7251],[-111.1936,25.6134],[-111.1215,25.5281],[-111.0168,25.5149],[-111.0248,25.4437],[-110.9796,25.3413],[-110.9331,25.2915],[-110.9462,25.2575],[-110.9066,25.1834],[-110.9076,25.1457],[-110.8155,25.0343],[-110.757,25.0139],[-110.7497,24.9659],[-110.6855,24.8837],[-110.657,24.8061],[-110.6907,24.7065],[-110.729,24.6686],[-110.7382,24.5526],[-110.7292,24.5145],[-110.687,24.4629],[-110.682,24.3581],[-110.6113,24.2731],[-110.6123,24.2564],[-110.5601,24.2112],[-110.5064,24.1947],[-110.3797,24.1726],[-110.3032,24.1812],[-110.3062,24.2339],[-110.3366,24.2593],[-110.3399,24.3161],[-110.2976,24.3523],[-110.2345,24.3442],[-110.2356,24.3172],[-110.1931,24.2928],[-110.1741,24.2516],[-110.0085,24.1598],[-109.9839,24.0434],[-109.9297,24.0286],[-109.8276,24.0612],[-109.8042,24.0212],[-109.8356,23.985],[-109.838,23.9332],[-109.6989,23.799],[-109.7131,23.7338],[-109.697,23.6623],[-109.4692,23.5557],[-109.4794,23.5191],[-109.4287,23.457],[-109.432,23.413],[-109.4134,23.3882],[-109.4326,23.377],[-109.4253,23.3048],[-109.4589,23.196],[-109.5361,23.1094],[-109.7079,23.0363],[-109.7135,23.0063],[-109.7923,22.9662],[-109.843,22.9034],[-109.9114,22.8859],[-109.8954,22.8755],[-109.9813,22.88],[-110.0611,22.9495],[-110.1009,23.0281],[-110.1728,23.3252],[-110.3367,23.5667],[-110.5994,23.6989],[-111.022,24.0936],[-111.2754,24.2436],[-111.4271,24.3194],[-111.5837,24.3692],[-111.6944,24.3507],[-111.7112,24.3036],[-111.7484,24.3511],[-111.9434,24.4868],[-112.0963,24.5534],[-112.1159,24.6023],[-112.1747,24.6533],[-112.1662,24.6713],[-112.1419,24.6714],[-112.1351,24.6967],[-112.143,24.7332],[-112.1748,24.7653],[-112.2605,24.7907],[-112.2594,24.7501],[-112.3045,24.7935],[-112.2153,24.9883],[-112.1292,25.2709],[-112.1384,25.2975],[-112.0979,25.4941],[-112.0945,25.6847],[-112.1074,25.7824],[-112.1912,25.9866],[-112.2342,26.0366],[-112.3082,26.0721],[-112.3384,26.1678],[-112.3934,26.2327],[-112.4606,26.2624],[-112.4975,26.2315],[-112.635,26.3211],[-112.6801,26.3154],[-112.7211,26.3651],[-113.083,26.6193],[-113.1257,26.6356],[-113.1381,26.6604],[-113.2639,26.7036],[-113.2883,26.755],[-113.3386,26.7867],[-113.4639,26.8083],[-113.51,26.7904],[-113.5475,26.7202],[-113.5767,26.7057],[-113.6097,26.7146],[-113.6895,26.7834],[-113.7337,26.7995],[-113.7823,26.9127],[-113.8513,26.9696],[-113.947,26.9995],[-114.0025,26.9711],[-114.0915,27.087],[-114.1833,27.1389],[-114.2684,27.1509],[-114.2937,27.1412],[-114.2964,27.1236],[-114.3847,27.1803],[-114.431,27.1745],[-114.4343,27.2092],[-114.488,27.2288],[-114.4866,27.3356],[-114.5122,27.4159],[-114.6013,27.4786],[-114.7377,27.5249],[-114.7848,27.6075],[-114.8211,27.63],[-114.8476,27.6179],[-114.8715,27.6499],[-114.9304,27.676],[-114.95,27.7142],[-114.9862,27.7285],[-115.0062,27.7178],[-115.0509,27.8193],[-115.0812,27.8464],[-115.0537,27.8614],[-115.0069,27.8281],[-114.8652,27.8299],[-114.8363,27.8098],[-114.7356,27.8079],[-114.6378,27.7768],[-114.5349,27.7858],[-114.5023,27.7716],[-114.391,27.8214],[-114.3304,27.8711],[-114.2943,27.8647],[-114.2661,27.8884],[-114.2636,27.9386],[-114.1307,28.0855],[-114.0628,28.2074],[-114.0794,28.2469],[-114.1029,28.239],[-114.1241,28.2563],[-114.0605,28.3959],[-114.0455,28.4644],[-114.0967,28.5466],[-114.1617,28.5703],[-114.1548,28.6151],[-114.1742,28.651],[-114.2247,28.6666],[-114.2695,28.6606],[-114.284,28.706],[-114.3467,28.7306],[-114.3486,28.7723],[-114.3722,28.8119],[-114.3958,28.8156],[-114.4173,28.8797],[-114.4371,28.8761],[-114.449,28.9069],[-114.4883,28.9323],[-114.5225,28.933],[-114.5313,28.9199],[-114.5622,28.9712],[-114.5911,28.9705],[-114.627,29.0899],[-114.6744,29.1129],[-114.7015,29.1013],[-114.7147,29.1108],[-114.7446,29.1827],[-114.8115,29.213],[-114.967,29.3751],[-115.0726,29.4166],[-115.1884,29.4281],[-115.2503,29.5144],[-115.3414,29.5563],[-115.3787,29.5584],[-115.4561,29.6248],[-115.5058,29.6171],[-115.5845,29.6922],[-115.6215,29.6961],[-115.6988,29.7552],[-115.6845,29.8264],[-115.701,29.8988],[-115.7422,29.9477],[-115.788,29.9594],[-115.8126,29.9494],[-115.7812,30.0909],[-115.8019,30.133],[-115.7951,30.24],[-115.8117,30.3005],[-115.8495,30.3577],[-115.9167,30.4008],[-115.9772,30.3947],[-115.9915,30.3822],[-115.9839,30.3588],[-116.0005,30.3601],[-116.0128,30.4218],[-116.0466,30.4706],[-116.0265,30.6476],[-116.0572,30.7958],[-116.2005,30.8824],[-116.2697,30.9672],[-116.3193,30.9565],[-116.3362,30.9692],[-116.3094,31.1538],[-116.3597,31.2414],[-116.4552,31.3304],[-116.5215,31.4348],[-116.5709,31.4652],[-116.6027,31.4642],[-116.6085,31.4974],[-116.6463,31.5165],[-116.669,31.5524],[-116.6906,31.5538],[-116.6922,31.5712],[-116.6511,31.5839],[-116.6673,31.6184],[-116.6498,31.6653],[-116.742,31.7453],[-116.6701,31.7184],[-116.6491,31.7275],[-116.6168,31.7745],[-116.6209,31.8587],[-116.6335,31.8551],[-116.6255,31.8438],[-116.6994,31.8947],[-116.7462,31.9021],[-116.7656,31.9683],[-116.831,31.9783],[-116.8801,32.0187],[-116.8871,32.1266],[-116.9214,32.2253],[-117.0392,32.2841],[-117.12,32.4707],[-117.124,32.5342],[-114.7197,32.7187],[-114.7646,32.6432],[-114.8079,32.6204],[-114.8122,32.5623],[-114.7918,32.5579],[-114.8126,32.4938]]],[[[-114.6962,31.7024],[-114.7165,31.7213],[-114.6879,31.6753],[-114.7762,31.7131],[-114.8061,31.7594],[-114.8002,31.8127],[-114.7591,31.8125],[-114.7235,31.7585],[-114.6596,31.7193],[-114.6464,31.6598],[-114.6962,31.7024]]],[[[-113.5854,29.4609],[-113.5638,29.504],[-113.5717,29.5379],[-113.5119,29.5499],[-113.3923,29.4571],[-113.3506,29.3848],[-113.3749,29.3525],[-113.3663,29.3072],[-113.2947,29.2813],[-113.1679,29.279],[-113.1746,29.132],[-113.1494,29.0677],[-113.1005,29.0559],[-113.1153,28.9874],[-113.2436,29.0679],[-113.2999,29.1448],[-113.4039,29.209],[-113.4442,29.2786],[-113.4967,29.2838],[-113.5379,29.3755],[-113.5424,29.3664],[-113.5892,29.4102],[-113.5854,29.4609]]],[[[-118.3244,29.1918],[-118.335,29.1387],[-118.3217,29.1075],[-118.2608,29.0672],[-118.2436,28.9599],[-118.2668,28.8851],[-118.3152,28.872],[-118.3045,28.8937],[-118.3229,28.9288],[-118.3189,28.9612],[-118.3429,28.9732],[-118.3339,28.9824],[-118.3537,29.0414],[-118.3991,29.0676],[-118.4075,29.1419],[-118.3244,29.1918]]],[[[-115.3212,28.1275],[-115.2335,28.2274],[-115.2598,28.2918],[-115.2373,28.3129],[-115.2472,28.3353],[-115.2307,28.3378],[-115.2456,28.3514],[-115.212,28.3773],[-115.1899,28.3604],[-115.1586,28.2591],[-115.1687,28.2162],[-115.1527,28.1414],[-115.1806,28.0999],[-115.1799,28.0291],[-115.2488,28.0351],[-115.26,28.0722],[-115.2903,28.0927],[-115.3517,28.0759],[-115.3498,28.1164],[-115.3212,28.1275]]],[[[-111.1125,26.0566],[-111.0595,26.0721],[-111.0844,26.0156],[-111.0649,25.9705],[-111.1021,25.9981],[-111.1204,25.9938],[-111.1795,25.9063],[-111.2044,25.8063],[-111.2284,25.8226],[-111.2331,25.8485],[-111.2145,25.8697],[-111.1979,25.9548],[-111.168,25.9873],[-111.1755,26.0415],[-111.1381,26.0501],[-111.1285,26.0674],[-111.1125,26.0566]]],[[[-110.7153,25.0422],[-110.7056,25.1049],[-110.6688,25.052],[-110.5905,25.0324],[-110.5661,24.9888],[-110.5701,24.9535],[-110.5269,24.8807],[-110.5898,24.8648],[-110.5736,24.8879],[-110.6412,24.9141],[-110.6291,24.9176],[-110.6553,24.9483],[-110.6772,25.016],[-110.7153,25.0422]]],[[[-110.3807,24.507],[-110.3991,24.5193],[-110.3605,24.5336],[-110.3033,24.501],[-110.2892,24.4705],[-110.3097,24.4543],[-110.308,24.4252],[-110.3263,24.4029],[-110.3516,24.4053],[-110.3496,24.4333],[-110.3715,24.4308],[-110.3783,24.4495],[-110.3543,24.4569],[-110.3712,24.4573],[-110.3581,24.4699],[-110.3765,24.4674],[-110.3633,24.4814],[-110.3865,24.4746],[-110.3932,24.4972],[-110.3807,24.507]]]]}},{"type":"Feature","properties":{"clv":"II","name":"Noroeste","pressure":83.2,"grade":"Alto"},"geometry":{"type":"MultiPolygon","coordinates":[[[[-114.8126,32.4938],[-111.075,31.3326],[-108.7559,31.3325],[-108.8173,31.2391],[-108.8798,31.2388],[-108.9067,31.2081],[-108.8607,31.219],[-108.8484,31.1952],[-108.8051,31.193],[-108.8351,31.1694],[-108.8457,31.1356],[-108.7702,31.1027],[-108.7679,31.0738],[-108.7299,31.0522],[-108.7525,31.0339],[-108.6844,31.0338],[-108.6839,31.006],[-108.8033,31.0049],[-108.8024,30.9042],[-108.9393,30.9076],[-108.9299,30.8611],[-108.9484,30.737],[-108.919,30.7394],[-108.867,30.6894],[-108.8765,30.6246],[-108.7621,30.5873],[-108.7267,30.5946],[-108.7275,30.5805],[-108.6779,30.5571],[-108.662,30.522],[-108.6648,30.4682],[-108.6039,30.4651],[-108.6136,30.4358],[-108.6487,30.4169],[-108.6199,30.3748],[-108.6221,30.3404],[-108.5801,30.3375],[-108.5423,30.2836],[-108.5506,30.2667],[-108.6203,30.2983],[-108.607,30.0287],[-108.6288,29.9531],[-108.6147,29.8815],[-108.5546,29.8981],[-108.5661,29.9243],[-108.5121,30.0036],[-108.3623,30.0044],[-108.3619,29.9601],[-108.3107,29.9601],[-108.3108,30.0053],[-108.2234,30.0052],[-108.2232,29.7584],[-108.1123,29.7501],[-108.0979,29.7766],[-108.0229,29.7774],[-108.0231,29.7023],[-107.993,29.6741],[-107.9408,29.6806],[-107.9583,29.5555],[-107.9266,29.5557],[-107.9198,29.4941],[-107.8953,29.4893],[-107.8647,29.4498],[-107.8299,29.4497],[-107.8233,29.4172],[-107.8261,29.39],[-107.8817,29.396],[-107.8855,29.3672],[-107.9063,29.3672],[-107.906,29.3307],[-107.9187,29.3307],[-107.9061,29.2894],[-107.9224,29.2884],[-107.9124,29.261],[-107.897,29.244],[-107.8956,29.2571],[-107.8682,29.2555],[-107.8493,29.2394],[-107.8437,29.2568],[-107.8205,29.2299],[-107.767,29.2405],[-107.7318,29.2294],[-107.7016,29.2016],[-107.71,29.1715],[-107.6991,29.1628],[-107.6422,29.1561],[-107.6014,29.1799],[-107.6116,29.1313],[-107.5922,29.1277],[-107.6144,29.1243],[-107.6365,29.0963],[-107.5707,29.0534],[-107.581,28.9911],[-107.5612,28.9754],[-107.594,28.9514],[-107.574,28.9421],[-107.5938,28.927],[-107.5538,28.8918],[-107.4933,28.9076],[-107.4742,28.8779],[-107.5185,28.8502],[-107.5397,28.8069],[-107.5238,28.8003],[-107.5192,28.765],[-107.4541,28.753],[-107.4547,28.7937],[-107.4174,28.7647],[-107.3901,28.763],[-107.3611,28.7148],[-107.3113,28.7127],[-107.3253,28.6748],[-107.2839,28.6691],[-107.2569,28.6254],[-107.225,28.632],[-107.2231,28.5825],[-107.1782,28.581],[-107.1878,28.55],[-107.1205,28.5262],[-107.0895,28.4797],[-107.0857,28.4184],[-107.0383,28.3983],[-107.0938,28.3263],[-107.1159,28.3374],[-107.1526,28.3066],[-107.1634,28.3197],[-107.2411,28.2907],[-107.2433,28.2687],[-107.1931,28.2503],[-107.2252,28.23],[-107.1817,28.1821],[-107.186,28.1637],[-107.2284,28.1597],[-107.2253,28.1079],[-107.1916,28.1367],[-107.1845,28.1004],[-107.2307,28.0995],[-107.2438,28.0368],[-107.2632,28.0406],[-107.2643,28.0163],[-107.3432,28.0232],[-107.3386,28.0016],[-107.4481,28.0382],[-107.477,28.0178],[-107.5341,28.0283],[-107.5364,28.0577],[-107.5649,28.0558],[-107.571,28.0725],[-107.6215,28.0815],[-107.6358,28.0995],[-107.6606,28.1028],[-107.6862,28.0715],[-107.7459,28.0858],[-107.8309,28.0299],[-107.7995,27.9638],[-107.8374,27.9375],[-107.8588,27.9473],[-107.8744,27.9989],[-107.9053,28.0042],[-107.93,28.0363],[-107.9699,28.0471],[-108.0437,28.0367],[-108.0859,28.0027],[-108.0835,27.9899],[-108.1099,27.9815],[-108.1019,27.9386],[-108.1212,27.8901],[-108.0754,27.8189],[-108.0756,27.7829],[-108.0266,27.7388],[-108.0519,27.7419],[-108.1779,27.6825],[-108.1218,27.5937],[-108.2685,27.6938],[-108.2919,27.74],[-108.3318,27.7466],[-108.3293,27.7111],[-108.3813,27.6813],[-108.3685,27.7016],[-108.3971,27.7554],[-108.4235,27.7553],[-108.4399,27.7775],[-108.5,27.7577],[-108.5242,27.7868],[-108.5441,27.7938],[-108.5566,27.7806],[-108.5749,27.7969],[-108.6298,27.7802],[-108.6373,27.759],[-108.6555,27.7624],[-108.626,27.7272],[-108.6725,27.6762],[-108.6441,27.6494],[-108.6878,27.6315],[-108.7252,27.6364],[-108.7399,27.6],[-108.7128,27.5663],[-108.6553,27.5438],[-108.6617,27.4647],[-108.5911,27.3181],[-108.6644,27.2394],[-108.6536,27.1769],[-108.6114,27.1541],[-108.6023,27.0369],[-108.5625,27.046],[-108.5723,27.0127],[-108.5518,26.9971],[-108.4243,26.9762],[-108.467,26.9707],[-108.5573,26.8231],[-108.5376,26.7989],[-108.554,26.7799],[-108.5808,26.7896],[-108.579,26.7613],[-108.627,26.7106],[-108.6259,26.6798],[-108.679,26.6429],[-108.6793,26.5874],[-108.7339,26.594],[-108.7893,26.5634],[-108.8732,26.5513],[-108.8914,26.4898],[-108.9147,26.4795],[-108.8475,26.4871],[-108.8373,26.4764],[-108.8761,26.4476],[-108.8603,26.4328],[-108.8814,26.4062],[-108.9103,26.4218],[-108.9361,26.3901],[-109.0061,26.4024],[-109.0866,26.3454],[-109.0918,26.3164],[-109.1227,26.2978],[-109.1641,26.3075],[-109.2022,26.345],[-109.2595,26.3196],[-109.2516,26.4124],[-109.2693,26.5053],[-109.3093,26.5648],[-109.4028,26.6536],[-109.4863,26.6839],[-109.4961,26.6705],[-109.6119,26.6953],[-109.6552,26.6908],[-109.6727,26.674],[-109.771,26.7093],[-109.8498,26.79],[-109.8902,26.9224],[-109.9448,26.9915],[-109.9414,27.0183],[-109.9672,27.0542],[-110.0573,27.0776],[-110.1099,27.1101],[-110.3008,27.1522],[-110.4364,27.2694],[-110.4938,27.2883],[-110.5362,27.2805],[-110.6007,27.3152],[-110.5878,27.5127],[-110.628,27.618],[-110.6009,27.7005],[-110.6164,27.794],[-110.5829,27.8311],[-110.5903,27.8453],[-110.5485,27.8321],[-110.5264,27.85],[-110.578,27.8814],[-110.6323,27.8816],[-110.6499,27.9033],[-110.6647,27.8943],[-110.6176,27.8609],[-110.6618,27.8909],[-110.807,27.9183],[-110.8667,27.8957],[-110.8899,27.84],[-110.9033,27.867],[-110.9328,27.8817],[-110.9504,27.8685],[-110.9667,27.9055],[-110.9459,27.9202],[-110.9708,27.9287],[-110.984,27.9584],[-111.04,27.9568],[-111.06,27.9278],[-111.0665,27.9408],[-111.105,27.9368],[-111.0951,27.9544],[-111.1194,27.9769],[-111.1737,27.9924],[-111.2112,28.0415],[-111.255,28.0542],[-111.2932,28.1314],[-111.3301,28.1582],[-111.3357,28.1992],[-111.3764,28.2192],[-111.3901,28.271],[-111.4562,28.3161],[-111.4659,28.3697],[-111.7118,28.4585],[-111.7157,28.4946],[-111.7734,28.6059],[-111.9073,28.703],[-111.9502,28.7573],[-111.901,28.787],[-111.9702,28.8425],[-112.0308,28.8592],[-112.0478,28.8993],[-112.1023,28.9557],[-112.1723,28.969],[-112.1502,28.9893],[-112.1668,29.01],[-112.1713,29.0735],[-112.1878,29.0751],[-112.1654,29.1153],[-112.2009,29.1582],[-112.1996,29.1764],[-112.229,29.1786],[-112.209,29.2457],[-112.2332,29.3077],[-112.2584,29.328],[-112.301,29.33],[-112.3468,29.3163],[-112.3349,29.2918],[-112.353,29.321],[-112.41,29.3453],[-112.4212,29.3766],[-112.3827,29.4487],[-112.3808,29.4869],[-112.4288,29.5198],[-112.4354,29.5592],[-112.5062,29.6202],[-112.5437,29.6901],[-112.5796,29.7114],[-112.6061,29.7796],[-112.6516,29.8347],[-112.6655,29.8917],[-112.7465,29.914],[-112.7331,30.0006],[-112.7615,30.0624],[-112.7596,30.1986],[-112.8117,30.2603],[-112.8637,30.2689],[-112.846,30.3302],[-112.8646,30.414],[-112.9924,30.5412],[-113.0843,30.6785],[-113.1272,30.8121],[-113.0967,30.9508],[-113.13,31.0625],[-113.1032,31.0332],[-113.0779,31.0321],[-113.0712,31.0548],[-113.0736,31.1317],[-113.0978,31.1446],[-113.1051,31.1691],[-113.1212,31.1602],[-113.2213,31.241],[-113.5434,31.2962],[-113.5577,31.318],[-113.6232,31.3278],[-113.643,31.3433],[-113.6111,31.3427],[-113.6082,31.3596],[-113.6365,31.4302],[-113.6365,31.4787],[-113.6723,31.5115],[-113.7861,31.5646],[-113.9344,31.6032],[-113.9738,31.6322],[-113.9737,31.5784],[-113.9543,31.5652],[-113.9867,31.5293],[-114.0186,31.5214],[-114.0259,31.4923],[-114.1692,31.4989],[-114.2791,31.5474],[-114.3342,31.5985],[-114.4911,31.6755],[-114.5855,31.7541],[-114.7106,31.7708],[-114.7602,31.8183],[-114.8153,31.8208],[-114.8499,31.865],[-114.9149,31.8662],[-114.9444,31.8922],[-114.9458,31.913],[-114.9734,31.9233],[-114.9757,31.9742],[-115.0046,31.9998],[-115.0157,31.9927],[-114.9648,32.0214],[-114.9778,32.07],[-114.963,32.0688],[-114.988,32.1488],[-114.9734,32.1783],[-115.0534,32.2444],[-115.0465,32.2715],[-114.9663,32.342],[-114.9665,32.3915],[-114.9333,32.4464],[-114.9324,32.4797],[-114.8436,32.4755],[-114.8126,32.4938]]],[[[-112.4876,29.122],[-112.4751,29.1681],[-112.4456,29.1995],[-112.4113,29.1852],[-112.3585,29.2206],[-112.2916,29.2263],[-112.2623,29.1941],[-112.274,29.1367],[-112.1947,29.0206],[-112.215,28.9567],[-112.189,28.9768],[-112.2145,28.9567],[-112.2392,28.8716],[-112.2748,28.8165],[-112.2732,28.7837],[-112.2546,28.7667],[-112.3054,28.7502],[-112.3339,28.7645],[-112.3586,28.758],[-112.4085,28.7987],[-112.4587,28.7997],[-112.4696,28.82],[-112.5834,28.8752],[-112.5155,28.9153],[-112.4855,28.9554],[-112.5036,29.0126],[-112.4876,29.122]]]]}},{"type":"Feature","properties":{"clv":"III","name":"Pacífico Norte","pressure":40.5,"grade":"Alto"},"geometry":{"type":"MultiPolygon","coordinates":[[[[-107.8429,27.9393],[-107.8484,27.853],[-107.8325,27.7696],[-107.8709,27.6831],[-107.8963,27.674],[-107.896,27.6334],[-107.9236,27.6537],[-107.9404,27.6325],[-107.9731,27.6481],[-107.9233,27.5929],[-107.8848,27.5862],[-107.88,27.6037],[-107.8397,27.6244],[-107.7769,27.5355],[-107.7533,27.5271],[-107.7319,27.5727],[-107.5977,27.6823],[-107.506,27.6414],[-107.3781,27.5253],[-107.3393,27.6055],[-107.3223,27.5946],[-107.2846,27.618],[-107.2454,27.5961],[-107.2001,27.6163],[-107.2048,27.6038],[-107.187,27.5999],[-107.1814,27.6223],[-107.1652,27.5995],[-107.1637,27.6256],[-107.1353,27.6405],[-107.1187,27.6282],[-107.1288,27.5706],[-107.0477,27.529],[-107.0341,27.5026],[-107.0031,27.5129],[-106.9883,27.5405],[-106.9626,27.4639],[-106.9724,27.4289],[-106.9453,27.4261],[-106.9423,27.412],[-106.9612,27.4141],[-106.9342,27.4053],[-106.9767,27.3789],[-106.8907,27.3312],[-106.8616,27.2094],[-106.8803,27.2018],[-106.8537,27.1955],[-106.8507,27.1736],[-106.8766,27.1584],[-106.8785,27.119],[-106.921,27.0922],[-106.8689,27.0638],[-106.8651,27.0331],[-106.8965,27.0208],[-106.8811,26.9922],[-106.9069,26.9691],[-106.887,26.9397],[-106.8985,26.9213],[-106.8302,26.8458],[-106.8541,26.7549],[-106.8252,26.685],[-106.9051,26.6436],[-106.8979,26.6118],[-106.9126,26.5907],[-106.8383,26.5543],[-106.7892,26.4831],[-106.7649,26.4828],[-106.6711,26.4001],[-106.5807,26.3848],[-106.5419,26.3616],[-106.5344,26.3348],[-106.4975,26.3143],[-106.474,26.2609],[-106.4238,26.2148],[-106.4328,26.204],[-106.4156,26.1394],[-106.4586,26.1121],[-106.4712,26.0605],[-106.4534,26.0278],[-106.4704,26.0054],[-106.4447,26.0051],[-106.4558,25.9726],[-106.5473,25.9524],[-106.5601,25.9127],[-106.556,25.6917],[-106.464,25.7417],[-106.4636,25.729],[-106.5918,25.6474],[-106.6308,25.5858],[-106.6556,25.5752],[-106.6429,25.5109],[-106.691,25.4454],[-106.6808,25.4066],[-106.5775,25.3991],[-106.5608,25.3838],[-106.5502,25.3965],[-106.528,25.3911],[-106.3626,25.2966],[-106.2127,25.3152],[-106.172,25.2506],[-106.2026,25.2024],[-106.2137,25.2192],[-106.2572,25.2191],[-106.2145,25.1916],[-106.2725,25.1703],[-106.2557,25.1338],[-106.2724,25.108],[-106.2252,25.091],[-106.1987,25.1114],[-106.1922,25.1419],[-106.1617,25.1199],[-106.174,25.1013],[-106.1231,25.0918],[-106.1248,25.0679],[-106.1729,25.0699],[-106.1692,25.0248],[-106.1902,25.0237],[-106.1759,24.9929],[-106.2704,24.9914],[-106.3351,25.0322],[-106.3142,25.0543],[-106.3253,25.0809],[-106.3594,25.0471],[-106.3874,25.0414],[-106.3749,25.101],[-106.4662,24.9684],[-106.5017,25.0022],[-106.5066,24.9504],[-106.5592,24.9578],[-106.5819,24.9937],[-106.6147,24.9802],[-106.5658,24.857],[-106.5352,24.8426],[-106.5495,24.8263],[-106.5267,24.841],[-106.4856,24.7925],[-106.5281,24.7069],[-106.4966,24.7152],[-106.4859,24.7386],[-106.4185,24.7829],[-106.3804,24.7441],[-106.302,24.7449],[-106.2863,24.7734],[-106.2207,24.7448],[-106.2034,24.8039],[-106.1349,24.7926],[-106.0932,24.8125],[-106.0576,24.8046],[-106.0524,24.8238],[-106.0076,24.8157],[-105.9818,24.8425],[-105.9821,24.8932],[-105.9163,24.9227],[-105.8867,24.8822],[-105.7458,24.8357],[-105.7472,24.8244],[-105.7088,24.8136],[-105.7086,24.793],[-105.6483,24.7946],[-105.6455,24.7534],[-105.6343,24.753],[-105.6785,24.6526],[-105.7024,24.6498],[-105.6827,24.6102],[-105.5941,24.6429],[-105.5629,24.6167],[-105.527,24.6189],[-105.4866,24.6468],[-105.4131,24.6348],[-105.3497,24.6774],[-105.3257,24.6145],[-105.2938,24.6352],[-105.2977,24.6134],[-105.2731,24.6336],[-105.2639,24.6204],[-105.2495,24.6517],[-105.2784,24.6436],[-105.2808,24.7079],[-105.291,24.7041],[-105.2862,24.7205],[-105.3198,24.7671],[-105.2783,24.7626],[-105.2983,24.784],[-105.2378,24.8],[-105.2646,24.8734],[-105.1409,24.8992],[-105.1617,24.9289],[-105.2129,24.9069],[-105.2158,24.9186],[-105.1607,24.9845],[-105.1747,24.992],[-105.1481,25.0544],[-105.1119,25.0687],[-105.1141,25.1026],[-105.08,25.0902],[-105.0644,25.1112],[-105.0072,25.1124],[-104.9864,25.0833],[-104.9682,25.0959],[-104.9524,25.0814],[-104.9597,25.054],[-104.9288,25.0478],[-104.9282,25.0057],[-104.8813,25.0211],[-104.7904,24.9297],[-104.7398,24.9464],[-104.7534,24.8867],[-104.7168,24.833],[-104.7356,24.7836],[-104.7224,24.7781],[-104.7231,24.7477],[-104.7066,24.7436],[-104.6986,24.6968],[-104.5739,24.6676],[-104.579,24.5714],[-104.4552,24.5593],[-104.4672,24.585],[-104.4597,24.6136],[-104.4373,24.618],[-104.4349,24.649],[-104.3738,24.6593],[-104.3985,24.6615],[-104.4128,24.7093],[-104.3426,24.6974],[-104.3367,24.7245],[-104.2507,24.7153],[-104.2532,24.6909],[-104.3163,24.6966],[-104.267,24.5857],[-104.2157,24.5914],[-104.264,24.6316],[-104.183,24.6799],[-104.1282,24.6835],[-104.0648,24.6291],[-104.0477,24.6811],[-104.0258,24.6505],[-104.0365,24.6121],[-104.0085,24.4984],[-103.9941,24.4814],[-103.9432,24.5098],[-103.9133,24.4653],[-103.9099,24.3819],[-104.0046,24.4183],[-104.022,24.4118],[-103.9687,24.3949],[-103.9762,24.3848],[-103.9251,24.3407],[-103.9014,24.3483],[-103.8961,24.3107],[-103.9194,24.3045],[-103.9005,24.2424],[-103.9148,24.2331],[-103.9334,24.2532],[-103.9312,24.2204],[-103.9527,24.1976],[-103.9209,24.1453],[-103.9449,24.119],[-103.9344,24.111],[-103.9641,24.093],[-103.941,24.0406],[-103.9171,24.0262],[-103.9044,24.0537],[-103.8676,24.0398],[-103.8615,24.0861],[-103.9054,24.1038],[-103.8845,24.1279],[-103.819,24.087],[-103.7976,24.0495],[-103.7457,24.089],[-103.7581,24.0723],[-103.7496,24.0484],[-103.6577,23.989],[-103.567,23.9855],[-103.5715,24.0083],[-103.537,24.0148],[-103.4776,23.9958],[-103.4385,24.0015],[-103.4129,23.9688],[-103.3765,23.9723],[-103.3392,24.0091],[-103.3095,23.9848],[-103.3275,23.9582],[-103.2983,23.9478],[-103.2951,23.928],[-103.3336,23.9207],[-103.3472,23.8733],[-103.3725,23.8375],[-103.3894,23.8399],[-103.3918,23.8191],[-103.3793,23.8271],[-103.3508,23.7751],[-103.374,23.7349],[-103.3702,23.7008],[-103.4076,23.7002],[-103.3928,23.6498],[-103.3693,23.6351],[-103.4179,23.6018],[-103.4804,23.6067],[-103.4673,23.5787],[-103.4924,23.5518],[-103.4428,23.4695],[-103.4638,23.4706],[-103.4793,23.4491],[-103.4962,23.4097],[-103.4889,23.3791],[-103.5187,23.3813],[-103.5232,23.3491],[-103.4705,23.3038],[-103.4961,23.2494],[-103.4834,23.2015],[-103.5076,23.1899],[-103.5176,23.1634],[-103.5533,23.1483],[-103.5804,23.1631],[-103.6106,23.1355],[-103.6186,23.1486],[-103.6611,23.0975],[-103.683,23.1141],[-103.7775,23.0999],[-103.7878,23.1288],[-103.7695,23.1597],[-103.7311,23.1648],[-103.6836,23.1968],[-103.6585,23.191],[-103.6514,23.2266],[-103.6656,23.2365],[-103.6875,23.2169],[-103.6913,23.2531],[-103.735,23.2602],[-103.726,23.2963],[-103.7534,23.3033],[-103.7932,23.2815],[-103.8006,23.3233],[-103.8289,23.3231],[-103.8848,23.3105],[-103.9007,23.2776],[-103.9538,23.2743],[-103.9892,23.3143],[-104.0613,23.3003],[-104.1132,23.3168],[-104.1291,23.1823],[-104.1722,23.1285],[-104.1737,22.9825],[-104.152,22.9222],[-104.1127,22.9052],[-104.1116,22.8101],[-104.0953,22.8059],[-104.0805,22.7667],[-104.1832,22.7585],[-104.2222,22.7789],[-104.2321,22.7532],[-104.2664,22.7366],[-104.29,22.645],[-104.2698,22.6359],[-104.2834,22.6218],[-104.2615,22.5863],[-104.3244,22.5345],[-104.2962,22.4731],[-104.3237,22.4322],[-104.3745,22.3933],[-104.4954,22.3749],[-104.4813,22.3518],[-104.5065,22.3452],[-104.5933,22.4122],[-104.6027,22.4607],[-104.6554,22.4623],[-104.6558,22.5402],[-104.6701,22.5654],[-104.7088,22.5548],[-104.7199,22.5692],[-104.7564,22.5667],[-104.7761,22.5856],[-104.7795,22.6433],[-104.8042,22.649],[-104.8151,22.6344],[-104.8449,22.6534],[-104.8582,22.6525],[-104.8618,22.6089],[-104.961,22.5053],[-104.9882,22.4801],[-105.0044,22.4887],[-104.9967,22.4572],[-105.0234,22.4608],[-105.054,22.429],[-105.0339,22.4171],[-105.0221,22.3739],[-105.0519,22.3308],[-105.0432,22.3076],[-105.0214,22.3036],[-105.014,22.2302],[-104.9828,22.2074],[-104.9843,22.1672],[-104.8608,22.143],[-104.8319,22.1192],[-104.8109,22.073],[-104.8327,22.0347],[-104.7923,21.9981],[-104.8838,21.9348],[-104.9025,21.9028],[-104.8897,21.8911],[-104.9039,21.8865],[-104.9016,21.8661],[-104.923,21.8598],[-104.9075,21.8446],[-104.9408,21.8129],[-104.9294,21.7494],[-104.958,21.7263],[-105.0171,21.7192],[-105.0405,21.7452],[-105.113,21.746],[-105.1229,21.7324],[-105.0902,21.7135],[-105.1137,21.7048],[-105.1187,21.6736],[-105.1396,21.7048],[-105.2278,21.6872],[-105.2371,21.7094],[-105.2485,21.6998],[-105.3005,21.7365],[-105.2883,21.7115],[-105.2995,21.6975],[-105.3237,21.7079],[-105.321,21.7207],[-105.3621,21.6965],[-105.3686,21.6737],[-105.4223,21.6668],[-105.4089,21.6246],[-105.4286,21.6246],[-105.4326,21.6546],[-105.45,21.6293],[-105.489,21.7316],[-105.6421,21.9869],[-105.654,22.0427],[-105.6424,22.1789],[-105.6691,22.3218],[-105.8014,22.6263],[-105.9177,22.7528],[-106.0402,22.8366],[-106.2334,23.0482],[-106.3908,23.1807],[-106.4288,23.1761],[-106.4221,23.2172],[-106.4938,23.3047],[-106.4836,23.3314],[-106.6952,23.5695],[-106.8116,23.6538],[-106.7973,23.6836],[-106.8813,23.7948],[-106.8933,23.8418],[-107.2007,24.1066],[-107.4075,24.2336],[-107.6753,24.4259],[-107.8022,24.4896],[-107.8408,24.5534],[-107.9886,24.6429],[-108.0178,24.6816],[-108.0205,24.7324],[-108.1237,24.8311],[-108.2234,25.0162],[-108.3309,25.105],[-108.3549,25.1663],[-108.4642,25.2672],[-108.6521,25.3441],[-108.8036,25.3733],[-108.9112,25.4206],[-109.0277,25.44],[-109.0322,25.4613],[-109.0802,25.4925],[-109.1188,25.5447],[-109.1651,25.5552],[-109.1777,25.59],[-109.2317,25.6289],[-109.3198,25.6467],[-109.4033,25.6331],[-109.3905,25.6696],[-109.4336,25.8094],[-109.4191,25.8739],[-109.4473,25.9474],[-109.4384,25.9956],[-109.3174,26.1897],[-109.2584,26.32],[-109.2022,26.345],[-109.1641,26.3075],[-109.1227,26.2978],[-109.0918,26.3164],[-109.0866,26.3454],[-109.0061,26.4024],[-108.9361,26.3901],[-108.9103,26.4218],[-108.8814,26.4062],[-108.8603,26.4328],[-108.8761,26.4476],[-108.8373,26.4764],[-108.8475,26.4871],[-108.9147,26.4795],[-108.8914,26.4898],[-108.8732,26.5513],[-108.7893,26.5634],[-108.7339,26.594],[-108.6793,26.5874],[-108.679,26.6429],[-108.6259,26.6798],[-108.627,26.7106],[-108.579,26.7613],[-108.5808,26.7896],[-108.554,26.7799],[-108.5376,26.7989],[-108.5573,26.8231],[-108.467,26.9707],[-108.4243,26.9762],[-108.5518,26.9971],[-108.5723,27.0127],[-108.5625,27.046],[-108.6023,27.0369],[-108.6114,27.1541],[-108.6536,27.1769],[-108.6644,27.2394],[-108.5911,27.3181],[-108.6617,27.4647],[-108.6553,27.5438],[-108.7128,27.5663],[-108.7399,27.6],[-108.7252,27.6364],[-108.6878,27.6315],[-108.6441,27.6494],[-108.6725,27.6762],[-108.626,27.7272],[-108.6555,27.7624],[-108.6373,27.759],[-108.6298,27.7802],[-108.5749,27.7969],[-108.5566,27.7806],[-108.5441,27.7938],[-108.5242,27.7868],[-108.5,27.7577],[-108.4399,27.7775],[-108.4235,27.7553],[-108.3971,27.7554],[-108.3685,27.7016],[-108.3813,27.6813],[-108.3293,27.7111],[-108.3318,27.7466],[-108.2919,27.74],[-108.2685,27.6938],[-108.1218,27.5937],[-108.1779,27.6825],[-108.0519,27.7419],[-108.0266,27.7388],[-108.0756,27.7829],[-108.0754,27.8189],[-108.1212,27.8901],[-108.1019,27.9386],[-108.1099,27.9815],[-108.0284,28.0434],[-107.951,28.0457],[-107.9053,28.0042],[-107.8744,27.9989],[-107.8588,27.9473],[-107.8429,27.9393]]]]}},{"type":"Feature","properties":{"clv":"IV","name":"Balsas","pressure":48.4,"grade":"Alto"},"geometry":{"type":"MultiPolygon","coordinates":[[[[-102.5348,19.8136],[-102.4565,19.789],[-102.385,19.8146],[-102.3844,19.7884],[-102.338,19.7526],[-102.294,19.7685],[-102.271,19.8049],[-102.2128,19.814],[-102.1786,19.7177],[-102.1287,19.7415],[-102.1128,19.698],[-102.0102,19.7146],[-101.9871,19.6947],[-101.9961,19.6847],[-101.9727,19.6749],[-101.9712,19.6482],[-101.9944,19.601],[-101.9524,19.5605],[-101.9138,19.5487],[-101.904,19.5638],[-101.8605,19.5594],[-101.8244,19.5718],[-101.8104,19.5948],[-101.7847,19.5952],[-101.7742,19.5652],[-101.7959,19.553],[-101.7726,19.5157],[-101.8101,19.5008],[-101.8052,19.4885],[-101.7764,19.4961],[-101.7751,19.4822],[-101.7168,19.458],[-101.6123,19.45],[-101.6041,19.4324],[-101.5311,19.4118],[-101.52,19.4247],[-101.4917,19.4003],[-101.3821,19.4154],[-101.3623,19.3998],[-101.2802,19.4282],[-101.2713,19.4638],[-101.2507,19.4604],[-101.2351,19.4795],[-101.1809,19.4476],[-101.1687,19.5216],[-101.1453,19.5373],[-101.1317,19.5243],[-101.1076,19.5462],[-101.1319,19.5648],[-101.1077,19.588],[-101.0668,19.5743],[-101.0326,19.5408],[-101.02,19.5574],[-100.9708,19.5675],[-100.9693,19.5976],[-100.9127,19.6244],[-100.9293,19.6397],[-100.9172,19.6723],[-100.9001,19.6496],[-100.8851,19.6646],[-100.8739,19.6572],[-100.8467,19.6028],[-100.8381,19.6127],[-100.7676,19.6007],[-100.8105,19.6647],[-100.8019,19.7181],[-100.7737,19.7458],[-100.7064,19.7345],[-100.6993,19.7682],[-100.7197,19.8005],[-100.6593,19.8099],[-100.653,19.8229],[-100.6193,19.8119],[-100.5991,19.8619],[-100.5768,19.8322],[-100.5964,19.8055],[-100.5561,19.8056],[-100.4966,19.7196],[-100.5078,19.697],[-100.4865,19.6379],[-100.4308,19.6563],[-100.4193,19.6772],[-100.4305,19.6918],[-100.4002,19.7046],[-100.3729,19.6972],[-100.339,19.6549],[-100.3153,19.6692],[-100.2568,19.6658],[-100.2369,19.5522],[-100.2054,19.5369],[-100.1963,19.4967],[-100.1435,19.4855],[-100.123,19.5254],[-100.0911,19.5139],[-100.0968,19.4925],[-100.0711,19.4884],[-100.0606,19.5259],[-100.0302,19.5541],[-99.9928,19.5603],[-99.9951,19.5494],[-99.9576,19.5426],[-99.9438,19.572],[-99.9253,19.5691],[-99.949,19.5388],[-99.9329,19.5207],[-99.9529,19.4723],[-99.9427,19.4649],[-99.9339,19.4876],[-99.9157,19.4819],[-99.8901,19.4525],[-99.9149,19.4417],[-99.8619,19.4382],[-99.8531,19.4196],[-99.8721,19.4269],[-99.867,19.4057],[-99.8871,19.4197],[-99.8828,19.4013],[-99.9114,19.3984],[-99.9133,19.374],[-99.8928,19.3685],[-99.9221,19.3589],[-99.9011,19.2245],[-99.8739,19.2362],[-99.8668,19.2171],[-99.8843,19.2048],[-99.8575,19.1976],[-99.8456,19.1755],[-99.8783,19.1592],[-99.8396,19.155],[-99.8252,19.1352],[-99.8475,19.0747],[-99.7696,19.0561],[-99.7659,19.0035],[-99.7494,18.9864],[-99.7522,19.0276],[-99.7167,19.0531],[-99.661,19.0558],[-99.6556,19.03],[-99.6045,19.04],[-99.6029,19.0147],[-99.5604,19.0103],[-99.5268,19.0746],[-99.5303,19.1199],[-99.482,19.0878],[-99.3884,19.0852],[-99.3745,19.066],[-99.318,19.0725],[-99.3206,19.0966],[-99.2842,19.1326],[-99.2281,19.0961],[-99.1359,19.0883],[-99.0627,19.0494],[-99.0294,19.0852],[-98.9796,19.0743],[-98.9665,19.0851],[-98.9575,19.1231],[-98.9683,19.1449],[-98.9539,19.1495],[-98.9679,19.1653],[-98.9523,19.1743],[-98.881,19.1279],[-98.8677,19.1416],[-98.8715,19.1267],[-98.8409,19.119],[-98.788,19.0553],[-98.7841,19.0758],[-98.7656,19.0623],[-98.7075,19.0665],[-98.6782,19.0848],[-98.6392,19.0776],[-98.6255,19.1195],[-98.6407,19.1254],[-98.6495,19.1914],[-98.6276,19.2577],[-98.6635,19.3248],[-98.6605,19.3516],[-98.6382,19.3586],[-98.6556,19.3734],[-98.6602,19.4321],[-98.6342,19.431],[-98.6614,19.4583],[-98.6351,19.4735],[-98.572,19.4425],[-98.5213,19.4541],[-98.5087,19.4263],[-98.4915,19.4302],[-98.5027,19.4997],[-98.4711,19.4842],[-98.4295,19.4993],[-98.3958,19.4895],[-98.4198,19.5295],[-98.3934,19.542],[-98.3797,19.5832],[-98.3615,19.5853],[-98.3817,19.6093],[-98.324,19.6849],[-98.3317,19.722],[-98.2554,19.7187],[-98.2411,19.6758],[-98.1655,19.6673],[-98.1178,19.6882],[-98.101,19.6678],[-98.0572,19.7275],[-98.0356,19.6838],[-98.0421,19.64],[-97.9807,19.6285],[-97.9477,19.5854],[-97.9164,19.5937],[-97.8702,19.5621],[-97.8957,19.5026],[-97.856,19.4907],[-97.8413,19.4645],[-97.7943,19.4986],[-97.7833,19.5345],[-97.7212,19.5313],[-97.7128,19.5485],[-97.7317,19.5584],[-97.6924,19.6042],[-97.705,19.6192],[-97.6705,19.6536],[-97.6256,19.6408],[-97.6123,19.6889],[-97.6065,19.6784],[-97.5994,19.6898],[-97.599,19.6365],[-97.511,19.7057],[-97.4833,19.6423],[-97.4022,19.6781],[-97.395,19.6994],[-97.4073,19.642],[-97.4129,19.6544],[-97.4288,19.6344],[-97.4269,19.5421],[-97.4061,19.5264],[-97.4017,19.4943],[-97.3515,19.4899],[-97.3474,19.451],[-97.358,19.4328],[-97.3899,19.4291],[-97.3939,19.407],[-97.3717,19.4031],[-97.3604,19.376],[-97.2847,19.3917],[-97.21,19.3592],[-97.2063,19.327],[-97.2503,19.3339],[-97.2568,19.2866],[-97.2338,19.2643],[-97.2651,19.2526],[-97.2604,19.2078],[-97.2769,19.1846],[-97.2492,19.176],[-97.2195,19.1942],[-97.1946,19.1718],[-97.2097,19.1598],[-97.1971,19.1468],[-97.2606,19.0981],[-97.2667,19.0303],[-97.2936,18.9886],[-97.3605,18.9696],[-97.3582,18.8997],[-97.3886,18.9036],[-97.4082,18.874],[-97.443,18.8908],[-97.4428,18.8633],[-97.4242,18.8708],[-97.3944,18.8564],[-97.3687,18.8257],[-97.384,18.8119],[-97.4103,18.8222],[-97.4089,18.8027],[-97.4464,18.8017],[-97.465,18.7867],[-97.4538,18.7822],[-97.4661,18.7609],[-97.5049,18.7852],[-97.5232,18.7507],[-97.5071,18.7498],[-97.5199,18.7235],[-97.5088,18.7155],[-97.5234,18.7096],[-97.5256,18.7439],[-97.5554,18.7412],[-97.6305,18.7828],[-97.6137,18.7956],[-97.6394,18.7901],[-97.6519,18.8279],[-97.7129,18.822],[-97.753,18.7395],[-97.712,18.7239],[-97.7082,18.7087],[-97.7599,18.6038],[-97.7386,18.5879],[-97.7508,18.5771],[-97.7283,18.5677],[-97.6726,18.5729],[-97.6604,18.5411],[-97.65,18.5452],[-97.6503,18.5029],[-97.6368,18.503],[-97.6214,18.4715],[-97.5883,18.4722],[-97.626,18.4281],[-97.5869,18.3298],[-97.6501,18.3075],[-97.672,18.3167],[-97.6362,18.2474],[-97.6297,18.1975],[-97.6525,18.1728],[-97.5649,18.1095],[-97.5638,18.0625],[-97.5439,18.0334],[-97.531,18.0464],[-97.4818,18.0265],[-97.4824,17.9895],[-97.5221,17.9724],[-97.583,17.9832],[-97.5909,17.9458],[-97.5669,17.9219],[-97.618,17.902],[-97.5844,17.883],[-97.5833,17.8673],[-97.5331,17.8476],[-97.5185,17.7987],[-97.4794,17.7829],[-97.4779,17.7368],[-97.4323,17.7135],[-97.3245,17.6072],[-97.3327,17.5814],[-97.3995,17.5727],[-97.4059,17.5562],[-97.3955,17.5111],[-97.3596,17.5121],[-97.39,17.501],[-97.3844,17.4539],[-97.4078,17.4531],[-97.3883,17.4031],[-97.4299,17.3862],[-97.4428,17.3494],[-97.5422,17.3828],[-97.5496,17.4144],[-97.5632,17.4139],[-97.5739,17.3859],[-97.6105,17.3632],[-97.5708,17.3436],[-97.6128,17.2664],[-97.6126,17.2221],[-97.577,17.1618],[-97.6336,17.1663],[-97.6539,17.1193],[-97.6781,17.1281],[-97.7174,17.1138],[-97.7321,17.1262],[-97.7421,17.0709],[-97.756,17.068],[-97.8105,17.0917],[-97.8549,17.0746],[-97.839,17.1128],[-97.808,17.1226],[-97.8078,17.1592],[-97.8534,17.2077],[-97.8999,17.1798],[-97.9158,17.2023],[-97.8949,17.2337],[-97.9488,17.3045],[-97.903,17.3492],[-97.9351,17.3355],[-97.9836,17.3899],[-98.0175,17.3971],[-98.0153,17.3466],[-98.0787,17.2937],[-98.0753,17.2714],[-98.1151,17.2265],[-98.1461,17.2711],[-98.2489,17.2896],[-98.2612,17.3153],[-98.2702,17.2877],[-98.3227,17.2747],[-98.2938,17.2382],[-98.2427,17.2504],[-98.2034,17.2152],[-98.2064,17.1911],[-98.2364,17.2024],[-98.2749,17.1657],[-98.2811,17.2214],[-98.354,17.2417],[-98.3521,17.2718],[-98.3858,17.2662],[-98.3912,17.3095],[-98.4351,17.3163],[-98.4411,17.3373],[-98.494,17.3683],[-98.514,17.328],[-98.4959,17.3207],[-98.5251,17.324],[-98.5175,17.2985],[-98.5392,17.2906],[-98.5339,17.2541],[-98.5557,17.2359],[-98.5549,17.2057],[-98.5682,17.2178],[-98.6089,17.1766],[-98.6349,17.2179],[-98.6309,17.2853],[-98.5938,17.2878],[-98.6095,17.314],[-98.6483,17.3168],[-98.6288,17.334],[-98.6466,17.3405],[-98.7651,17.3435],[-98.7414,17.4299],[-98.7631,17.4879],[-98.793,17.4807],[-98.7957,17.4228],[-98.8696,17.3823],[-98.8847,17.3552],[-98.857,17.3542],[-98.8261,17.2972],[-98.8644,17.2817],[-98.8896,17.2348],[-98.938,17.2497],[-98.9298,17.213],[-98.903,17.2054],[-98.9288,17.1884],[-98.9274,17.1724],[-98.8584,17.1548],[-98.8417,17.108],[-98.8482,17.09],[-98.8972,17.0646],[-98.9181,17.0051],[-98.9436,17.0049],[-98.9492,17.0261],[-98.9889,17.0458],[-98.9702,17.0629],[-99.0022,17.0614],[-99.0404,17.1102],[-99.06,17.0989],[-99.1481,17.1281],[-99.18,17.1583],[-99.1645,17.1945],[-99.1083,17.192],[-99.0545,17.2171],[-98.9818,17.3386],[-98.9391,17.3803],[-98.9528,17.4036],[-98.9426,17.4208],[-98.8927,17.4435],[-98.911,17.4998],[-98.9912,17.5428],[-99.047,17.6111],[-99.0776,17.5972],[-99.0798,17.658],[-99.1045,17.6562],[-99.1316,17.6873],[-99.197,17.6661],[-99.2249,17.6387],[-99.2452,17.6571],[-99.3084,17.6504],[-99.3274,17.678],[-99.3557,17.6855],[-99.3517,17.7022],[-99.3682,17.6796],[-99.4037,17.7393],[-99.4191,17.7336],[-99.4423,17.7056],[-99.4681,17.5811],[-99.45,17.5816],[-99.4418,17.5444],[-99.3872,17.5091],[-99.4053,17.4738],[-99.4325,17.4784],[-99.431,17.4369],[-99.4593,17.4195],[-99.4354,17.4144],[-99.4359,17.3934],[-99.476,17.3342],[-99.4621,17.3259],[-99.4732,17.3098],[-99.4612,17.2951],[-99.4674,17.2023],[-99.5087,17.1952],[-99.5239,17.2094],[-99.5433,17.1914],[-99.6116,17.2229],[-99.6401,17.185],[-99.6646,17.1969],[-99.6693,17.2294],[-99.7224,17.2336],[-99.727,17.1765],[-99.8058,17.1735],[-99.854,17.2462],[-99.8328,17.2772],[-99.8954,17.267],[-99.9113,17.2777],[-99.9212,17.2515],[-99.956,17.2569],[-99.9659,17.3027],[-100.048,17.403],[-100.0724,17.3995],[-100.1177,17.4564],[-100.1776,17.4692],[-100.1956,17.4977],[-100.3255,17.5107],[-100.4683,17.5528],[-100.4741,17.5872],[-100.4577,17.5985],[-100.4822,17.634],[-100.5113,17.5979],[-100.555,17.5777],[-100.5954,17.5976],[-100.5962,17.6209],[-100.6355,17.647],[-100.7098,17.669],[-100.7513,17.6515],[-100.8196,17.6965],[-100.8809,17.6741],[-100.8786,17.6895],[-100.9648,17.7474],[-100.998,17.7992],[-101.0536,17.7828],[-101.0485,17.744],[-101.0941,17.7312],[-101.0835,17.7166],[-101.1218,17.7046],[-101.1585,17.8509],[-101.1436,17.8809],[-101.2017,17.9119],[-101.2222,17.9567],[-101.2076,18.0002],[-101.2406,18.0172],[-101.2487,18.045],[-101.2873,18.0289],[-101.3077,18.0548],[-101.3778,18.0581],[-101.4014,18.0318],[-101.4395,18.0207],[-101.4271,17.9932],[-101.4457,17.9931],[-101.4387,17.9815],[-101.4751,17.9759],[-101.4905,17.9905],[-101.4937,17.9235],[-101.512,17.906],[-101.574,17.9179],[-101.5561,17.9077],[-101.5656,17.876],[-101.5538,17.8532],[-101.5166,17.8377],[-101.5268,17.8251],[-101.5757,17.8245],[-101.5801,17.8395],[-101.6802,17.8352],[-101.6569,17.8234],[-101.6808,17.7809],[-101.698,17.7935],[-101.7148,17.774],[-101.7463,17.7929],[-101.8029,17.8824],[-102.0226,17.9864],[-102.0996,17.9827],[-102.1392,17.9359],[-102.1905,17.9153],[-102.3009,17.9666],[-102.4741,18.016],[-102.7875,18.0829],[-102.7826,18.1069],[-102.7995,18.1118],[-102.8021,18.136],[-102.7843,18.1516],[-102.7861,18.1803],[-102.7998,18.1984],[-102.7626,18.2453],[-102.7446,18.2367],[-102.7374,18.2675],[-102.7537,18.268],[-102.756,18.3099],[-102.8496,18.3122],[-102.8657,18.3392],[-102.8362,18.4036],[-102.7717,18.3794],[-102.7452,18.3902],[-102.6825,18.3616],[-102.6696,18.3356],[-102.6157,18.3523],[-102.5902,18.3319],[-102.5463,18.3464],[-102.5124,18.3211],[-102.4761,18.393],[-102.4042,18.3998],[-102.394,18.4164],[-102.3744,18.4026],[-102.3483,18.4185],[-102.3453,18.4764],[-102.3178,18.4945],[-102.2915,18.484],[-102.2737,18.509],[-102.2868,18.5653],[-102.2658,18.5983],[-102.2286,18.5931],[-102.2172,18.6261],[-102.1669,18.6324],[-102.2202,18.7506],[-102.2176,18.8106],[-102.2357,18.8406],[-102.279,18.8372],[-102.2746,18.7888],[-102.2416,18.7653],[-102.2837,18.7338],[-102.3408,18.7301],[-102.3439,18.7096],[-102.4106,18.7209],[-102.4376,18.7113],[-102.4823,18.737],[-102.4977,18.7174],[-102.5603,18.7226],[-102.5929,18.7439],[-102.6481,18.8565],[-102.6171,18.9208],[-102.5942,19.0482],[-102.6512,19.0474],[-102.6677,19.072],[-102.7397,18.9666],[-102.7917,18.9757],[-102.8781,18.9214],[-102.924,18.9785],[-102.9497,18.9807],[-102.9761,18.959],[-103.0393,19.0133],[-103.0452,19.032],[-103.0335,19.0291],[-103.0254,19.0531],[-102.9909,19.0546],[-103.0162,19.0792],[-103.0194,19.1327],[-103.0436,19.1343],[-103.047,19.1832],[-103.1052,19.2159],[-103.0769,19.2566],[-103.1301,19.2745],[-103.1632,19.3151],[-103.0841,19.398],[-103.0911,19.4196],[-103.1195,19.4274],[-103.1156,19.4456],[-103.0647,19.4481],[-103.0915,19.4746],[-103.0616,19.485],[-103.0911,19.4927],[-103.0884,19.5034],[-103.0736,19.5134],[-103.0486,19.5029],[-103.019,19.5219],[-103.0039,19.5538],[-103.0293,19.5865],[-103.0072,19.6114],[-103.0058,19.6395],[-102.9738,19.6334],[-102.9438,19.6785],[-102.9646,19.6972],[-102.9709,19.7469],[-102.988,19.7516],[-102.9639,19.7787],[-102.9861,19.8025],[-102.9735,19.8182],[-102.9785,19.867],[-102.9151,19.8991],[-102.9089,19.9705],[-102.8839,19.9767],[-102.7938,19.9503],[-102.777,19.9599],[-102.7646,19.9238],[-102.6985,19.8853],[-102.6715,19.8865],[-102.6695,19.9029],[-102.611,19.8818],[-102.573,19.9008],[-102.5374,19.8649],[-102.5206,19.8689],[-102.5348,19.8136]]]]}},{"type":"Feature","properties":{"clv":"V","name":"Pacífico Sur","pressure":5.4,"grade":"Sin estres"},"geometry":{"type":"MultiPolygon","coordinates":[[[[-101.2513,18.0429],[-101.2406,18.0172],[-101.2076,18.0002],[-101.2222,17.9567],[-101.2017,17.9119],[-101.1436,17.8809],[-101.1585,17.8509],[-101.1218,17.7046],[-101.0835,17.7166],[-101.0941,17.7312],[-101.0485,17.744],[-101.0536,17.7828],[-100.998,17.7992],[-100.9648,17.7474],[-100.8786,17.6895],[-100.8809,17.6741],[-100.8196,17.6965],[-100.7513,17.6515],[-100.7098,17.669],[-100.6355,17.647],[-100.5962,17.6209],[-100.5954,17.5976],[-100.555,17.5777],[-100.5113,17.5979],[-100.4822,17.634],[-100.4577,17.5985],[-100.4741,17.5872],[-100.4683,17.5528],[-100.3255,17.5107],[-100.1956,17.4977],[-100.1776,17.4692],[-100.1177,17.4564],[-100.0724,17.3995],[-100.048,17.403],[-99.9659,17.3027],[-99.956,17.2569],[-99.9212,17.2515],[-99.9113,17.2777],[-99.8954,17.267],[-99.8328,17.2772],[-99.854,17.2462],[-99.8058,17.1735],[-99.727,17.1765],[-99.7224,17.2336],[-99.6693,17.2294],[-99.6646,17.1969],[-99.6401,17.185],[-99.6116,17.2229],[-99.5433,17.1914],[-99.5239,17.2094],[-99.5087,17.1952],[-99.4674,17.2023],[-99.4612,17.2951],[-99.4732,17.3098],[-99.4621,17.3259],[-99.476,17.3342],[-99.4359,17.3934],[-99.4354,17.4144],[-99.4593,17.4195],[-99.431,17.4369],[-99.4325,17.4784],[-99.4053,17.4738],[-99.3872,17.5091],[-99.4418,17.5444],[-99.45,17.5816],[-99.4681,17.5811],[-99.4423,17.7056],[-99.4191,17.7336],[-99.4037,17.7393],[-99.3682,17.6796],[-99.3517,17.7022],[-99.3557,17.6855],[-99.3274,17.678],[-99.3084,17.6504],[-99.2452,17.6571],[-99.2249,17.6387],[-99.197,17.6661],[-99.1316,17.6873],[-99.1045,17.6562],[-99.0798,17.658],[-99.0776,17.5972],[-99.047,17.6111],[-98.9912,17.5428],[-98.911,17.4998],[-98.8927,17.4435],[-98.9426,17.4208],[-98.9528,17.4036],[-98.9391,17.3803],[-98.9818,17.3386],[-99.0545,17.2171],[-99.1083,17.192],[-99.1645,17.1945],[-99.18,17.1583],[-99.1481,17.1281],[-99.06,17.0989],[-99.0404,17.1102],[-99.0022,17.0614],[-98.9702,17.0629],[-98.9889,17.0458],[-98.9492,17.0261],[-98.9436,17.0049],[-98.9181,17.0051],[-98.8972,17.0646],[-98.8482,17.09],[-98.8417,17.108],[-98.8584,17.1548],[-98.9274,17.1724],[-98.9288,17.1884],[-98.903,17.2054],[-98.9298,17.213],[-98.938,17.2497],[-98.8896,17.2348],[-98.8644,17.2817],[-98.8261,17.2972],[-98.857,17.3542],[-98.8847,17.3552],[-98.8696,17.3823],[-98.7957,17.4228],[-98.793,17.4807],[-98.7631,17.4879],[-98.7414,17.4299],[-98.7651,17.3435],[-98.6466,17.3405],[-98.6288,17.334],[-98.6483,17.3168],[-98.6095,17.314],[-98.5938,17.2878],[-98.6309,17.2853],[-98.6349,17.2179],[-98.6089,17.1766],[-98.5682,17.2178],[-98.5549,17.2057],[-98.5557,17.2359],[-98.5339,17.2541],[-98.5392,17.2906],[-98.5175,17.2985],[-98.5251,17.324],[-98.4959,17.3207],[-98.514,17.328],[-98.494,17.3683],[-98.4411,17.3373],[-98.4351,17.3163],[-98.3912,17.3095],[-98.3858,17.2662],[-98.3521,17.2718],[-98.354,17.2417],[-98.2811,17.2214],[-98.2749,17.1657],[-98.2364,17.2024],[-98.2064,17.1911],[-98.2034,17.2152],[-98.2427,17.2504],[-98.2938,17.2382],[-98.3227,17.2747],[-98.2702,17.2877],[-98.2612,17.3153],[-98.2489,17.2896],[-98.1461,17.2711],[-98.1151,17.2265],[-98.0753,17.2714],[-98.0787,17.2937],[-98.0153,17.3466],[-98.0175,17.3971],[-97.9836,17.3899],[-97.9351,17.3355],[-97.903,17.3492],[-97.9488,17.3045],[-97.8949,17.2337],[-97.9158,17.2023],[-97.8999,17.1798],[-97.8534,17.2077],[-97.8078,17.1592],[-97.808,17.1226],[-97.839,17.1128],[-97.8549,17.0746],[-97.8105,17.0917],[-97.756,17.068],[-97.7421,17.0709],[-97.7321,17.1262],[-97.7174,17.1138],[-97.6781,17.1281],[-97.6539,17.1193],[-97.6336,17.1663],[-97.577,17.1618],[-97.6126,17.2221],[-97.6128,17.2664],[-97.5708,17.3436],[-97.6105,17.3632],[-97.5739,17.3859],[-97.5632,17.4139],[-97.5496,17.4144],[-97.5422,17.3828],[-97.4428,17.3494],[-97.4299,17.3862],[-97.3883,17.4031],[-97.4078,17.4531],[-97.3844,17.4539],[-97.39,17.501],[-97.3596,17.5121],[-97.3955,17.5111],[-97.4059,17.5562],[-97.3995,17.5727],[-97.3327,17.5814],[-97.3245,17.6072],[-97.3001,17.6155],[-97.2999,17.6536],[-97.2445,17.6435],[-97.2485,17.623],[-97.1982,17.5912],[-97.2566,17.5274],[-97.2591,17.4601],[-97.2131,17.4197],[-97.1962,17.3772],[-97.1609,17.3776],[-97.1557,17.3302],[-97.1058,17.3131],[-97.085,17.3693],[-97.1492,17.3972],[-97.1083,17.4333],[-97.0444,17.4199],[-97.0208,17.4489],[-96.9986,17.4485],[-96.9976,17.464],[-97.0394,17.4854],[-97.0022,17.5006],[-96.999,17.4849],[-96.9467,17.5364],[-96.9339,17.4559],[-96.8725,17.4468],[-96.8439,17.3829],[-96.8176,17.4054],[-96.7233,17.3606],[-96.7338,17.3546],[-96.7137,17.3042],[-96.7479,17.2836],[-96.7118,17.2324],[-96.6849,17.2374],[-96.6376,17.137],[-96.6216,17.1439],[-96.6064,17.1204],[-96.539,17.132],[-96.5091,17.1036],[-96.487,17.1142],[-96.468,17.0978],[-96.4614,17.1133],[-96.4494,17.0945],[-96.423,17.1101],[-96.4238,17.1357],[-96.377,17.1555],[-96.3356,17.1046],[-96.2412,17.0963],[-96.1875,17.1161],[-96.178,17.067],[-96.2067,17.0418],[-96.207,17.0189],[-96.1744,16.9962],[-96.154,17.0006],[-96.1457,17.0093],[-96.1642,17.022],[-96.144,17.0352],[-96.131,17.0198],[-96.1371,16.9833],[-96.1767,16.9674],[-96.1557,16.9589],[-96.1403,16.9176],[-96.0721,16.8895],[-96.0171,16.8798],[-95.9824,16.8914],[-95.9643,16.8765],[-95.9689,16.9039],[-95.9335,17.0001],[-95.8707,16.9893],[-95.8766,16.9721],[-95.8573,16.9626],[-95.8806,16.9599],[-95.8671,16.9325],[-95.8441,16.938],[-95.8461,16.9034],[-95.8256,16.9081],[-95.8363,16.8869],[-95.717,16.8895],[-95.6944,16.8728],[-95.6584,16.9075],[-95.5782,16.8653],[-95.5804,16.8823],[-95.5491,16.9019],[-95.5094,16.8982],[-95.4943,16.9189],[-95.531,16.9492],[-95.4947,16.9735],[-95.4471,16.926],[-95.4084,16.9549],[-95.3687,16.9223],[-95.3404,16.9244],[-95.3484,16.9354],[-95.3335,16.9556],[-95.28,16.903],[-95.276,16.8711],[-95.2994,16.8409],[-95.2658,16.8179],[-95.2839,16.7843],[-95.2397,16.7157],[-95.1969,16.7116],[-95.1756,16.73],[-95.1722,16.7007],[-95.017,16.675],[-95.02,16.7211],[-94.9987,16.723],[-95.017,16.7911],[-94.9847,16.7944],[-94.954,16.8355],[-94.9106,16.8349],[-94.9026,16.85],[-94.8498,16.7942],[-94.8325,16.813],[-94.8112,16.7727],[-94.7735,16.7577],[-94.6669,16.7252],[-94.5102,16.7048],[-94.2502,16.708],[-94.234,16.7284],[-94.2472,16.7663],[-94.1839,16.7968],[-94.1857,16.8144],[-94.1277,16.8091],[-94.1071,16.7892],[-94.0407,16.798],[-94.0161,16.7706],[-94.141,16.4605],[-94.1996,16.484],[-94.204,16.4443],[-94.2371,16.4258],[-94.259,16.4327],[-94.2995,16.3423],[-94.3643,16.3386],[-94.3727,16.2963],[-94.4149,16.2855],[-94.4089,16.2355],[-94.4314,16.2473],[-94.4412,16.2283],[-94.3868,16.2113],[-94.4442,16.2154],[-94.3973,16.1777],[-94.2826,16.1431],[-94.217,16.1355],[-94.203,16.153],[-94.1531,16.1231],[-94.1064,16.1508],[-94.0886,16.093],[-94.036,16.022],[-94.0003,16.0032],[-94.273,16.1236],[-94.5451,16.1932],[-94.8469,16.2151],[-95.0597,16.1836],[-95.1386,16.1886],[-95.1577,16.1813],[-95.1525,16.1679],[-95.1923,16.1673],[-95.2025,16.1454],[-95.1986,16.1598],[-95.2366,16.1573],[-95.2778,16.1073],[-95.3515,16.0814],[-95.3785,16.0461],[-95.3685,16.0208],[-95.4234,16.0007],[-95.4365,15.9765],[-95.5692,15.9575],[-95.6617,15.9127],[-95.7677,15.8956],[-95.777,15.8712],[-95.9564,15.829],[-96.0749,15.7666],[-96.1215,15.7606],[-96.1279,15.7375],[-96.2038,15.7118],[-96.2376,15.6824],[-96.4262,15.6963],[-96.4947,15.6582],[-96.5572,15.657],[-96.699,15.7161],[-96.8603,15.7399],[-96.9414,15.7859],[-97.0268,15.8112],[-97.0616,15.86],[-97.2164,15.9244],[-97.3306,15.9455],[-97.4215,15.9416],[-97.5294,15.9694],[-97.6558,15.9774],[-97.68,15.9629],[-97.7705,15.9772],[-97.9661,16.1035],[-98.2065,16.2299],[-98.4193,16.2701],[-98.5689,16.3248],[-98.5678,16.341],[-98.6948,16.4575],[-98.772,16.5544],[-98.839,16.5493],[-98.857,16.5281],[-98.9059,16.5343],[-99.333,16.6584],[-99.6549,16.6953],[-99.7533,16.7405],[-99.8156,16.7883],[-99.8451,16.7842],[-99.8588,16.7957],[-99.8371,16.8057],[-99.8766,16.8145],[-99.8513,16.8363],[-99.8602,16.8544],[-99.8956,16.8555],[-99.9112,16.8426],[-99.8942,16.8326],[-99.9158,16.8277],[-99.9229,16.8596],[-99.9897,16.9093],[-101.0383,17.2692],[-101.0615,17.266],[-101.0559,17.3065],[-101.1743,17.3894],[-101.2032,17.4267],[-101.4567,17.5257],[-101.4423,17.5619],[-101.4907,17.6116],[-101.516,17.6244],[-101.5524,17.6121],[-101.5514,17.6386],[-101.5729,17.624],[-101.6064,17.6611],[-101.6484,17.6649],[-101.6624,17.7285],[-101.7148,17.774],[-101.698,17.7935],[-101.6808,17.7809],[-101.6569,17.8234],[-101.6802,17.8352],[-101.5801,17.8395],[-101.5757,17.8245],[-101.5268,17.8251],[-101.5166,17.8377],[-101.5538,17.8532],[-101.5656,17.876],[-101.5561,17.9077],[-101.574,17.9179],[-101.512,17.906],[-101.4937,17.9235],[-101.4905,17.9905],[-101.4751,17.9759],[-101.4387,17.9815],[-101.4457,17.9931],[-101.4271,17.9932],[-101.4395,18.0207],[-101.4014,18.0318],[-101.3778,18.0581],[-101.3077,18.0548],[-101.2873,18.0289],[-101.2513,18.0429]],[[-97.2433,17.1735],[-97.231,17.1841],[-97.2487,17.2291],[-97.2792,17.2303],[-97.2789,17.1874],[-97.2433,17.1735]]]]}},{"type":"Feature","properties":{"clv":"VI","name":"Río Bravo","pressure":75.0,"grade":"Alto"},"geometry":{"type":"MultiPolygon","coordinates":[[[[-108.7559,31.3325],[-108.2085,31.3334],[-108.2084,31.7838],[-106.5284,31.7839],[-106.4875,31.7478],[-106.452,31.7647],[-106.4167,31.7516],[-106.3501,31.6975],[-106.28,31.5618],[-106.2471,31.5429],[-106.2081,31.4676],[-106.0801,31.3986],[-106.0047,31.3927],[-105.9542,31.3647],[-105.9378,31.3183],[-105.8703,31.2898],[-105.7832,31.1982],[-105.7725,31.1662],[-105.7419,31.1647],[-105.6041,31.0833],[-105.5576,30.9901],[-105.5028,30.968],[-105.4915,30.9423],[-105.4001,30.8894],[-105.4012,30.8532],[-105.3391,30.8403],[-105.3165,30.8109],[-105.2911,30.8259],[-105.2564,30.7945],[-105.2155,30.8059],[-105.2168,30.7836],[-105.1955,30.7923],[-105.1755,30.7676],[-105.1659,30.7796],[-105.1617,30.7524],[-105.1186,30.7496],[-105.0619,30.6859],[-105.0069,30.6858],[-104.9717,30.61],[-104.9224,30.6036],[-104.8665,30.4941],[-104.868,30.4411],[-104.8478,30.4207],[-104.8592,30.3904],[-104.8166,30.3751],[-104.8113,30.3327],[-104.7653,30.3061],[-104.7632,30.2746],[-104.7062,30.2342],[-104.6863,30.1729],[-104.6965,30.1347],[-104.6851,30.0854],[-104.7066,30.0506],[-104.6899,30.015],[-104.6935,29.9759],[-104.681,29.9776],[-104.685,29.9566],[-104.6735,29.956],[-104.683,29.9292],[-104.5654,29.7702],[-104.5697,29.7525],[-104.5497,29.7414],[-104.5605,29.7361],[-104.5309,29.6905],[-104.5442,29.6807],[-104.5083,29.6327],[-104.4764,29.6284],[-104.399,29.573],[-104.3849,29.543],[-104.3562,29.5412],[-104.3354,29.5198],[-104.3134,29.5318],[-104.2368,29.4972],[-104.2308,29.4791],[-104.2129,29.4851],[-104.2175,29.4561],[-104.1679,29.3955],[-104.1078,29.3736],[-104.0379,29.3199],[-103.7833,29.2655],[-103.7763,29.2207],[-103.7582,29.233],[-103.7183,29.1812],[-103.6583,29.1703],[-103.6502,29.1567],[-103.5541,29.1585],[-103.4328,29.0437],[-103.3596,29.0188],[-103.3463,29.0464],[-103.3306,29.0432],[-103.34,29.0218],[-103.3079,29.025],[-103.3153,29.009],[-103.2864,29.0006],[-103.2853,28.9765],[-103.2676,28.996],[-103.2503,28.9802],[-103.2279,28.9917],[-103.164,28.9721],[-103.1161,28.9842],[-103.1007,29.0604],[-103.0859,29.0538],[-103.0759,29.0915],[-103.0338,29.1012],[-102.9953,29.1797],[-102.9508,29.1736],[-102.9436,29.1914],[-102.9178,29.191],[-102.9123,29.2195],[-102.8943,29.2086],[-102.8678,29.2231],[-102.8715,29.2416],[-102.9063,29.2593],[-102.884,29.348],[-102.8392,29.3589],[-102.8449,29.3743],[-102.8125,29.4001],[-102.8332,29.4108],[-102.8254,29.458],[-102.8006,29.4864],[-102.8083,29.5227],[-102.771,29.5484],[-102.7684,29.595],[-102.7402,29.5979],[-102.741,29.6359],[-102.6934,29.6766],[-102.6986,29.6974],[-102.6747,29.7443],[-102.63,29.7341],[-102.574,29.755],[-102.5695,29.7718],[-102.548,29.7446],[-102.5136,29.7658],[-102.5177,29.784],[-102.4872,29.787],[-102.3875,29.7615],[-102.3649,29.8456],[-102.3158,29.8801],[-102.2657,29.868],[-102.2599,29.8531],[-102.2464,29.8643],[-102.2237,29.8407],[-102.1962,29.8363],[-102.187,29.8488],[-102.1795,29.8261],[-102.1435,29.8036],[-102.0725,29.7867],[-102.0491,29.7855],[-102.0347,29.8044],[-101.9878,29.797],[-101.9761,29.8157],[-101.9576,29.7959],[-101.9354,29.7996],[-101.9292,29.7828],[-101.8532,29.8078],[-101.8235,29.7873],[-101.8171,29.8117],[-101.8043,29.7801],[-101.7752,29.7892],[-101.7095,29.7618],[-101.6614,29.7713],[-101.6434,29.7541],[-101.6277,29.7708],[-101.5748,29.7693],[-101.5697,29.7965],[-101.544,29.8122],[-101.5357,29.7579],[-101.4642,29.7897],[-101.4476,29.7505],[-101.4012,29.7708],[-101.4156,29.7465],[-101.3708,29.6989],[-101.3603,29.6483],[-101.3458,29.6628],[-101.3017,29.651],[-101.3126,29.6079],[-101.3022,29.5761],[-101.2788,29.5877],[-101.2692,29.6292],[-101.2491,29.6229],[-101.2428,29.5679],[-101.26,29.5238],[-101.1855,29.5181],[-101.1476,29.4745],[-101.0618,29.4643],[-101.01,29.3686],[-100.8863,29.3078],[-100.8768,29.2802],[-100.8137,29.2638],[-100.767,29.1958],[-100.7727,29.1685],[-100.6736,29.1001],[-100.6456,28.988],[-100.6514,28.9429],[-100.6296,28.9226],[-100.6409,28.9147],[-100.6009,28.9017],[-100.5744,28.8286],[-100.5476,28.8263],[-100.5354,28.8054],[-100.5334,28.7589],[-100.5074,28.7405],[-100.5002,28.6617],[-100.4467,28.6421],[-100.4472,28.6093],[-100.3987,28.5854],[-100.411,28.5498],[-100.388,28.515],[-100.3339,28.4993],[-100.3684,28.4767],[-100.3375,28.4431],[-100.3452,28.3918],[-100.2868,28.3133],[-100.2908,28.2751],[-100.2545,28.2379],[-100.2206,28.2328],[-100.2092,28.1913],[-100.0846,28.1451],[-100.052,28.0839],[-100.0178,28.0652],[-99.9908,27.994],[-99.9312,27.9806],[-99.9377,27.9422],[-99.8935,27.8995],[-99.9041,27.8737],[-99.877,27.8415],[-99.8755,27.7968],[-99.8508,27.7939],[-99.8362,27.7632],[-99.8134,27.7743],[-99.7999,27.7397],[-99.7684,27.7301],[-99.7105,27.6577],[-99.6905,27.6692],[-99.6669,27.6593],[-99.6555,27.6293],[-99.5959,27.6398],[-99.5771,27.6184],[-99.5843,27.6035],[-99.5549,27.6145],[-99.5134,27.5693],[-99.5282,27.4985],[-99.4936,27.4977],[-99.4788,27.4791],[-99.4955,27.4457],[-99.4876,27.4111],[-99.5045,27.3388],[-99.5382,27.3165],[-99.4946,27.3038],[-99.4882,27.2609],[-99.462,27.2684],[-99.4416,27.25],[-99.4262,27.1762],[-99.4426,27.1069],[-99.4287,27.0916],[-99.4528,27.0633],[-99.4454,27.021],[-99.4154,27.0174],[-99.3786,26.9798],[-99.3938,26.9602],[-99.3785,26.9339],[-99.3242,26.916],[-99.3172,26.8655],[-99.268,26.8426],[-99.2396,26.7453],[-99.2086,26.7245],[-99.1715,26.5432],[-99.1043,26.4991],[-99.0921,26.4724],[-99.1136,26.4325],[-99.0845,26.3979],[-99.0361,26.4135],[-99.0108,26.3923],[-98.9744,26.4013],[-98.9447,26.3695],[-98.9267,26.3946],[-98.8961,26.3531],[-98.8046,26.3676],[-98.7885,26.3305],[-98.7507,26.3312],[-98.7361,26.3072],[-98.755,26.3076],[-98.7509,26.296],[-98.7025,26.2871],[-98.7197,26.2726],[-98.6811,26.263],[-98.6706,26.237],[-98.6346,26.2424],[-98.6227,26.2599],[-98.6163,26.2465],[-98.5828,26.2564],[-98.5617,26.2241],[-98.5455,26.2378],[-98.5565,26.2481],[-98.5346,26.2254],[-98.5223,26.2357],[-98.5246,26.2214],[-98.5006,26.2223],[-98.5066,26.2088],[-98.4849,26.2125],[-98.4814,26.2006],[-98.4809,26.2199],[-98.4433,26.2239],[-98.4429,26.1994],[-98.3873,26.1584],[-98.3591,26.1724],[-98.3512,26.1512],[-98.3357,26.1658],[-98.3356,26.1383],[-98.3053,26.1028],[-98.2973,26.1199],[-98.2663,26.1208],[-98.288,26.1042],[-98.1936,26.0531],[-98.1766,26.0753],[-98.1463,26.0491],[-98.1319,26.0743],[-98.0936,26.0587],[-98.0804,26.0712],[-98.073,26.0364],[-98.0387,26.0414],[-98.0279,26.067],[-98.0119,26.0561],[-97.9805,26.0673],[-97.9651,26.0517],[-97.9336,26.053],[-97.9337,26.0656],[-97.869,26.0568],[-97.8614,26.0701],[-97.861,26.053],[-97.8343,26.0456],[-97.8193,26.0566],[-97.8114,26.0445],[-97.8011,26.0602],[-97.7779,26.0292],[-97.768,26.0473],[-97.7611,26.0255],[-97.7205,26.023],[-97.7071,26.0378],[-97.6916,26.0188],[-97.6933,26.0324],[-97.6626,26.0381],[-97.6681,26.0194],[-97.6399,26.024],[-97.6496,26.011],[-97.6184,26.0023],[-97.6347,25.9907],[-97.6021,25.9574],[-97.5821,25.9624],[-97.5781,25.9421],[-97.5679,25.9525],[-97.5833,25.9332],[-97.5373,25.9308],[-97.5209,25.886],[-97.4978,25.8991],[-97.4971,25.8799],[-97.4554,25.8841],[-97.4445,25.8673],[-97.454,25.8542],[-97.4255,25.8407],[-97.4124,25.8411],[-97.4094,25.8623],[-97.4055,25.8377],[-97.3641,25.8497],[-97.3765,25.8549],[-97.3587,25.879],[-97.3742,25.8803],[-97.3564,25.8883],[-97.3752,25.9078],[-97.3485,25.9311],[-97.3261,25.9176],[-97.3032,25.937],[-97.2768,25.9352],[-97.2839,25.9593],[-97.2475,25.948],[-97.1585,25.9618],[-97.1595,25.9491],[-97.1459,25.9523],[-97.1504,25.8345],[-97.2009,25.6299],[-97.3921,25.3054],[-97.5174,25.042],[-97.7184,25.272],[-97.7185,25.262],[-97.8033,25.3468],[-97.878,25.3964],[-97.8998,25.3759],[-97.9494,25.3809],[-97.9495,25.426],[-97.9793,25.4261],[-97.9793,25.4441],[-98.0289,25.4439],[-98.029,25.4259],[-98.0587,25.4259],[-98.0587,25.4464],[-98.2394,25.446],[-98.2384,25.4755],[-98.2627,25.5044],[-98.2978,25.4664],[-98.328,25.4601],[-98.3746,25.4583],[-98.3773,25.4897],[-98.4321,25.4967],[-98.423,25.4474],[-98.4425,25.4299],[-98.4509,25.3775],[-98.5099,25.3853],[-98.896,25.1036],[-98.8953,25.0703],[-98.9164,25.0885],[-98.9393,25.0716],[-99.0192,25.07],[-99.029,25.1107],[-99.0526,25.1272],[-99.0978,25.063],[-99.1609,25.0556],[-99.1564,25.0281],[-99.1809,25.0114],[-99.1625,24.9104],[-99.1136,24.8403],[-99.2082,24.865],[-99.1818,24.7759],[-99.2129,24.7717],[-99.2954,24.8035],[-99.3291,24.777],[-99.3644,24.772],[-99.3898,24.7396],[-99.4777,24.7129],[-99.5008,24.6793],[-99.4996,24.641],[-99.5447,24.6266],[-99.5459,24.6129],[-99.6096,24.6223],[-99.733,24.554],[-99.7239,24.5013],[-99.6615,24.4573],[-99.6598,24.5022],[-99.6357,24.443],[-99.6116,24.4527],[-99.5899,24.3961],[-99.5943,24.3309],[-99.6478,24.2181],[-99.6571,24.118],[-99.5709,24.0394],[-99.7437,24.0284],[-99.7668,23.9847],[-99.7866,24.015],[-99.8371,24.0052],[-99.8421,23.9835],[-99.8521,23.9986],[-99.8798,23.9896],[-99.8782,24.0172],[-99.9728,24.0051],[-100.0086,23.9426],[-100.0619,23.9394],[-100.0635,23.9603],[-100.1026,23.9577],[-100.1038,23.9734],[-100.121,23.9722],[-100.1234,24.0008],[-100.101,24.0544],[-100.1708,24.0755],[-100.154,24.0948],[-100.1939,24.1329],[-100.1662,24.1597],[-100.2161,24.2492],[-100.1872,24.2471],[-100.1535,24.2988],[-100.0736,24.3097],[-100.067,24.3538],[-100.0911,24.4524],[-100.0766,24.4421],[-100.0614,24.4557],[-99.9981,24.4545],[-99.9743,24.4745],[-99.9089,24.448],[-99.8881,24.4542],[-99.8939,24.4703],[-99.8548,24.501],[-99.879,24.5092],[-99.8755,24.527],[-99.8415,24.5648],[-99.8806,24.6341],[-99.9957,24.7311],[-99.9481,24.7638],[-99.984,24.8193],[-99.9281,24.8267],[-99.9451,24.8537],[-99.9899,24.9041],[-100.0658,24.8899],[-100.1296,24.9441],[-100.1597,25.0136],[-100.1884,25.0293],[-100.2009,25.0199],[-100.2631,25.0983],[-100.2703,25.1093],[-100.2535,25.1305],[-100.3261,25.1855],[-100.6848,25.275],[-100.7223,25.1957],[-100.7097,25.1908],[-100.7299,25.1788],[-100.7219,25.1707],[-100.7448,25.207],[-100.7721,25.1344],[-100.8046,25.1532],[-100.8215,24.9967],[-100.7275,24.9187],[-100.7423,24.8937],[-100.7141,24.8941],[-100.7429,24.8417],[-100.7409,24.8778],[-100.7625,24.889],[-100.8262,24.835],[-100.8132,24.7922],[-100.7499,24.7426],[-100.786,24.714],[-100.8122,24.7391],[-100.8128,24.6767],[-100.7626,24.6646],[-100.7816,24.5987],[-100.8046,24.6034],[-100.8104,24.5516],[-100.9023,24.5839],[-100.9347,24.5595],[-101.0805,24.5912],[-101.1276,24.6233],[-101.2018,24.7655],[-101.3422,24.8133],[-101.4022,24.7882],[-101.4318,24.7966],[-101.4127,24.772],[-101.4617,24.7367],[-101.6004,24.7544],[-101.6103,24.7791],[-101.5828,24.7776],[-101.5716,24.8209],[-101.5239,24.8665],[-101.5327,24.9034],[-101.4501,24.9789],[-101.4383,25.0305],[-101.3953,25.0314],[-101.3793,25.0892],[-101.4284,25.0882],[-101.4278,25.0685],[-101.4575,25.0617],[-101.4577,25.0898],[-101.5356,25.0986],[-101.541,25.0672],[-101.5689,25.0702],[-101.5578,25.1455],[-101.5906,25.1513],[-101.5954,25.1822],[-101.621,25.1844],[-101.5739,25.2376],[-101.6248,25.2478],[-101.6184,25.2964],[-101.6457,25.2982],[-101.6575,25.3272],[-101.7193,25.3432],[-101.7167,25.3596],[-101.7436,25.3729],[-101.7336,25.4092],[-101.7092,25.3951],[-101.6953,25.4956],[-101.7722,25.5037],[-101.8062,25.5493],[-101.8027,25.5649],[-101.8731,25.5861],[-101.8566,25.6541],[-101.8711,25.6585],[-101.8668,25.6738],[-101.8474,25.706],[-101.7838,25.699],[-101.7557,25.8143],[-101.7718,25.8993],[-101.814,25.9418],[-101.8163,25.9674],[-101.7727,25.9868],[-101.8086,26.1091],[-101.8949,26.1275],[-101.869,26.2232],[-101.7936,26.2237],[-101.8102,26.3248],[-101.8532,26.2906],[-101.869,26.3845],[-101.877,26.3469],[-101.9387,26.3439],[-101.9481,26.3922],[-102.0351,26.3647],[-102.1504,26.4217],[-101.982,26.2434],[-101.9627,26.1578],[-102.0056,26.1613],[-102.0068,26.1955],[-102.0315,26.218],[-102.1387,26.172],[-102.1174,26.0912],[-102.2667,26.0515],[-102.2874,26.1341],[-102.3963,26.1079],[-102.3163,26.2515],[-102.343,26.3148],[-102.3403,26.2696],[-102.5078,26.2802],[-102.3375,26.6005],[-102.3841,26.5869],[-102.508,26.4977],[-102.621,26.4911],[-102.6784,26.5257],[-102.7512,26.6316],[-102.8017,26.6484],[-102.96,26.5295],[-102.9714,26.4235],[-102.9882,26.4251],[-102.9997,26.4982],[-103.0245,26.501],[-103.0386,26.5228],[-103.0062,26.5341],[-103.0456,26.5973],[-102.98,26.7133],[-103.0008,26.725],[-103.0505,26.6483],[-103.1647,26.7541],[-103.0455,26.813],[-103.2131,26.9764],[-103.335,26.9739],[-103.4538,27.0532],[-103.5307,27.1826],[-103.5215,27.2816],[-103.4621,27.2816],[-103.3563,27.4112],[-103.506,27.4351],[-103.4727,27.7648],[-103.494,27.7804],[-103.4482,27.8264],[-103.6044,27.9028],[-103.634,27.8646],[-103.4136,28.4481],[-103.427,28.4689],[-103.4314,28.4564],[-103.6375,28.5545],[-103.643,28.5125],[-103.868,28.111],[-103.9267,27.9714],[-103.8777,27.9575],[-103.8929,27.914],[-103.9419,27.9278],[-103.9356,27.9454],[-103.955,27.9508],[-103.9433,27.8889],[-103.9608,27.8342],[-103.9009,27.8269],[-103.9357,27.7976],[-103.8811,27.7392],[-103.8967,27.7405],[-103.8832,27.6576],[-103.8973,27.6566],[-103.8546,27.5496],[-103.8769,27.3116],[-103.8324,27.2981],[-103.7984,27.2135],[-103.7994,27.1247],[-103.7835,27.0912],[-103.7525,27.0779],[-103.7409,27.0225],[-103.7799,27.0094],[-103.7846,26.9807],[-103.8515,26.935],[-103.836,26.9357],[-103.8517,26.8961],[-103.754,26.8296],[-103.6991,26.7252],[-103.8613,26.7541],[-103.9939,26.7536],[-103.995,26.7775],[-104.0332,26.7744],[-104.0458,26.743],[-104.2278,26.7771],[-104.2731,26.8423],[-104.3153,26.7991],[-104.3018,26.7719],[-104.3173,26.7607],[-104.2866,26.7254],[-104.3304,26.6565],[-104.4348,26.6045],[-104.5029,26.4658],[-104.5011,26.4145],[-104.5745,26.3404],[-104.5939,26.3804],[-104.6201,26.3688],[-104.6541,26.391],[-104.7477,26.4923],[-104.8989,26.51],[-104.9442,26.4684],[-104.9632,26.4734],[-104.9631,26.4492],[-104.9975,26.4557],[-105.0526,26.4297],[-105.2771,26.2012],[-105.2194,26.1333],[-105.3374,26.0713],[-105.3549,26.0711],[-105.4776,26.2336],[-105.4949,26.3274],[-105.5295,26.3254],[-105.5651,26.3772],[-105.6495,26.3327],[-105.6804,26.4045],[-105.6964,26.4069],[-105.6816,26.4219],[-105.688,26.4607],[-105.7147,26.4769],[-105.7208,26.5058],[-105.7798,26.5072],[-105.7661,26.5186],[-105.7863,26.5429],[-105.8192,26.5286],[-105.8116,26.5104],[-105.8794,26.4756],[-105.8761,26.4513],[-105.8993,26.4202],[-105.9324,26.4265],[-105.9195,26.4016],[-105.9481,26.4516],[-105.9921,26.4264],[-105.9973,26.3882],[-106.0307,26.3622],[-106.076,26.3997],[-106.1246,26.4157],[-106.1533,26.4697],[-106.2243,26.4715],[-106.2033,26.4797],[-106.2068,26.5126],[-106.2414,26.4931],[-106.2539,26.5073],[-106.242,26.4668],[-106.2644,26.4061],[-106.2976,26.3964],[-106.3022,26.3639],[-106.2755,26.3674],[-106.287,26.3351],[-106.3123,26.3487],[-106.4238,26.2148],[-106.474,26.2609],[-106.4975,26.3143],[-106.5344,26.3348],[-106.5419,26.3616],[-106.5807,26.3848],[-106.6711,26.4001],[-106.7649,26.4828],[-106.7892,26.4831],[-106.8383,26.5543],[-106.9126,26.5907],[-106.8979,26.6118],[-106.9051,26.6436],[-106.8252,26.685],[-106.8541,26.7549],[-106.8302,26.8458],[-106.8985,26.9213],[-106.887,26.9397],[-106.9069,26.9691],[-106.8811,26.9922],[-106.8965,27.0208],[-106.8651,27.0331],[-106.8689,27.0638],[-106.921,27.0922],[-106.8785,27.119],[-106.8766,27.1584],[-106.8507,27.1736],[-106.8537,27.1955],[-106.8803,27.2018],[-106.8616,27.2094],[-106.8907,27.3312],[-106.9767,27.3789],[-106.9342,27.4053],[-106.9612,27.4141],[-106.9423,27.412],[-106.9453,27.4261],[-106.9724,27.4289],[-106.9626,27.4639],[-106.9883,27.5405],[-107.0031,27.5129],[-107.0341,27.5026],[-107.0477,27.529],[-107.1288,27.5706],[-107.1187,27.6282],[-107.1353,27.6405],[-107.1637,27.6256],[-107.1652,27.5995],[-107.1814,27.6223],[-107.187,27.5999],[-107.2048,27.6038],[-107.2001,27.6163],[-107.2454,27.5961],[-107.2846,27.618],[-107.3223,27.5946],[-107.3393,27.6055],[-107.3781,27.5253],[-107.506,27.6414],[-107.5977,27.6823],[-107.7319,27.5727],[-107.7665,27.5247],[-107.8378,27.6234],[-107.8917,27.586],[-107.9233,27.5929],[-107.971,27.635],[-107.971,27.6485],[-107.9401,27.6326],[-107.9236,27.6537],[-107.8956,27.6336],[-107.8963,27.674],[-107.8709,27.6831],[-107.8325,27.7696],[-107.8484,27.853],[-107.8429,27.9393],[-107.7995,27.9638],[-107.8309,28.0299],[-107.8178,28.0449],[-107.7459,28.0858],[-107.6842,28.0721],[-107.6581,28.1039],[-107.574,28.0742],[-107.5649,28.0558],[-107.5364,28.0577],[-107.5341,28.0283],[-107.477,28.0178],[-107.4481,28.0382],[-107.3386,28.0016],[-107.3432,28.0232],[-107.2682,28.0138],[-107.2632,28.0406],[-107.2438,28.0368],[-107.2307,28.0995],[-107.1929,28.0944],[-107.1819,28.1167],[-107.205,28.1351],[-107.2253,28.1079],[-107.2284,28.1597],[-107.186,28.1637],[-107.1817,28.1821],[-107.2252,28.23],[-107.1931,28.2503],[-107.2433,28.2687],[-107.2411,28.2907],[-107.1634,28.3197],[-107.1526,28.3066],[-107.1159,28.3374],[-107.0938,28.3263],[-107.0383,28.3983],[-107.0857,28.4184],[-107.0895,28.4797],[-107.1205,28.5262],[-107.1878,28.55],[-107.1782,28.581],[-107.2231,28.5825],[-107.225,28.632],[-107.2569,28.6254],[-107.2839,28.6691],[-107.3253,28.6748],[-107.3113,28.7127],[-107.3611,28.7148],[-107.3901,28.763],[-107.4174,28.7647],[-107.4547,28.7937],[-107.4541,28.753],[-107.5192,28.765],[-107.5238,28.8003],[-107.5397,28.8069],[-107.5185,28.8502],[-107.4742,28.8779],[-107.4933,28.9076],[-107.5538,28.8918],[-107.5938,28.927],[-107.574,28.9421],[-107.594,28.9514],[-107.5612,28.9754],[-107.581,28.9911],[-107.5707,29.0534],[-107.6365,29.0963],[-107.6144,29.1243],[-107.5922,29.1277],[-107.6116,29.1313],[-107.6014,29.1799],[-107.6422,29.1561],[-107.6991,29.1628],[-107.71,29.1715],[-107.7016,29.2016],[-107.7318,29.2294],[-107.767,29.2405],[-107.8205,29.2299],[-107.8437,29.2568],[-107.8493,29.2394],[-107.8682,29.2555],[-107.8956,29.2571],[-107.897,29.244],[-107.9124,29.261],[-107.9224,29.2884],[-107.9061,29.2894],[-107.9187,29.3307],[-107.906,29.3307],[-107.9063,29.3672],[-107.8855,29.3672],[-107.8817,29.396],[-107.8261,29.39],[-107.8299,29.4497],[-107.8647,29.4498],[-107.8953,29.4893],[-107.9198,29.4941],[-107.9266,29.5557],[-107.9583,29.5555],[-107.9408,29.6806],[-107.993,29.6741],[-108.0231,29.7023],[-108.0229,29.7774],[-108.0979,29.7766],[-108.1123,29.7501],[-108.2232,29.7584],[-108.2234,30.0052],[-108.3108,30.0053],[-108.3107,29.9601],[-108.3619,29.9601],[-108.3623,30.0044],[-108.5121,30.0036],[-108.5661,29.9243],[-108.5546,29.8981],[-108.6147,29.8815],[-108.6288,29.9531],[-108.607,30.0287],[-108.6203,30.2983],[-108.5506,30.2667],[-108.5423,30.2836],[-108.5801,30.3375],[-108.6221,30.3404],[-108.6199,30.3748],[-108.6487,30.4169],[-108.6136,30.4358],[-108.6039,30.4651],[-108.6648,30.4682],[-108.662,30.522],[-108.6779,30.5571],[-108.7275,30.5805],[-108.7267,30.5946],[-108.7621,30.5873],[-108.8765,30.6246],[-108.867,30.6894],[-108.919,30.7394],[-108.9484,30.737],[-108.9299,30.8611],[-108.9393,30.9076],[-108.8024,30.9042],[-108.8033,31.0049],[-108.6839,31.006],[-108.6844,31.0338],[-108.7525,31.0339],[-108.7299,31.0522],[-108.7679,31.0738],[-108.7702,31.1027],[-108.8457,31.1356],[-108.8351,31.1694],[-108.8051,31.193],[-108.8484,31.1952],[-108.8607,31.219],[-108.9067,31.2081],[-108.8798,31.2388],[-108.8173,31.2391],[-108.7559,31.3325]]]]}},{"type":"Feature","properties":{"clv":"VII","name":"Cuencas Centrales del Norte","pressure":83.0,"grade":"Alto"},"geometry":{"type":"MultiPolygon","coordinates":[[[[-104.6725,26.4203],[-104.6254,26.371],[-104.5939,26.3804],[-104.5745,26.3404],[-104.5011,26.4145],[-104.5029,26.4658],[-104.4383,26.5995],[-104.3304,26.6565],[-104.2866,26.7254],[-104.3173,26.7607],[-104.3018,26.7719],[-104.3153,26.7991],[-104.2731,26.8423],[-104.2278,26.7771],[-104.0458,26.743],[-104.0332,26.7744],[-103.995,26.7775],[-103.9939,26.7536],[-103.8613,26.7541],[-103.6991,26.7252],[-103.754,26.8296],[-103.8517,26.8961],[-103.836,26.9357],[-103.8515,26.935],[-103.7846,26.9807],[-103.7799,27.0094],[-103.7409,27.0225],[-103.7525,27.0779],[-103.7835,27.0912],[-103.7994,27.1247],[-103.7984,27.2135],[-103.8324,27.2981],[-103.8769,27.3116],[-103.8546,27.5496],[-103.8973,27.6566],[-103.8832,27.6576],[-103.8967,27.7405],[-103.8811,27.7392],[-103.9357,27.7976],[-103.9009,27.8269],[-103.9608,27.8342],[-103.9433,27.8889],[-103.955,27.9508],[-103.9356,27.9454],[-103.9419,27.9278],[-103.8929,27.914],[-103.8777,27.9575],[-103.9267,27.9714],[-103.868,28.111],[-103.643,28.5125],[-103.6375,28.5545],[-103.4314,28.4564],[-103.427,28.4689],[-103.4136,28.4481],[-103.634,27.8646],[-103.6044,27.9028],[-103.4482,27.8264],[-103.494,27.7804],[-103.4727,27.7648],[-103.506,27.4351],[-103.3563,27.4112],[-103.4621,27.2816],[-103.5215,27.2816],[-103.5307,27.1826],[-103.4538,27.0532],[-103.335,26.9739],[-103.2131,26.9764],[-103.0455,26.813],[-103.1647,26.7541],[-103.0505,26.6483],[-103.0008,26.725],[-102.98,26.7133],[-103.0456,26.5973],[-103.0062,26.5341],[-103.0386,26.5228],[-103.0245,26.501],[-102.9997,26.4982],[-102.9882,26.4251],[-102.9714,26.4235],[-102.96,26.5295],[-102.8017,26.6484],[-102.7512,26.6316],[-102.6784,26.5257],[-102.621,26.4911],[-102.508,26.4977],[-102.3841,26.5869],[-102.3375,26.6005],[-102.5078,26.2802],[-102.3403,26.2696],[-102.343,26.3148],[-102.3163,26.2515],[-102.3963,26.1079],[-102.2874,26.1341],[-102.2667,26.0515],[-102.1174,26.0912],[-102.1387,26.172],[-102.0315,26.218],[-102.0068,26.1955],[-102.0056,26.1613],[-101.9627,26.1578],[-101.982,26.2434],[-102.1504,26.4217],[-102.0351,26.3647],[-101.9481,26.3922],[-101.9387,26.3439],[-101.877,26.3469],[-101.869,26.3845],[-101.8532,26.2906],[-101.8102,26.3248],[-101.7936,26.2237],[-101.869,26.2232],[-101.8949,26.1275],[-101.8086,26.1091],[-101.7727,25.9868],[-101.8163,25.9674],[-101.814,25.9418],[-101.7718,25.8993],[-101.7557,25.8143],[-101.7838,25.699],[-101.8474,25.706],[-101.8668,25.6738],[-101.8711,25.6585],[-101.8566,25.6541],[-101.8731,25.5861],[-101.8027,25.5649],[-101.8062,25.5493],[-101.7722,25.5037],[-101.6953,25.4956],[-101.7092,25.3951],[-101.7336,25.4092],[-101.7436,25.3729],[-101.7167,25.3596],[-101.7193,25.3432],[-101.6575,25.3272],[-101.6457,25.2982],[-101.6184,25.2964],[-101.6248,25.2478],[-101.5739,25.2376],[-101.621,25.1844],[-101.5954,25.1822],[-101.5906,25.1513],[-101.5578,25.1455],[-101.5689,25.0702],[-101.541,25.0672],[-101.5356,25.0986],[-101.4577,25.0898],[-101.4575,25.0617],[-101.4278,25.0685],[-101.4284,25.0882],[-101.3793,25.0892],[-101.3953,25.0314],[-101.4383,25.0305],[-101.4501,24.9789],[-101.5327,24.9034],[-101.5239,24.8665],[-101.5716,24.8209],[-101.5828,24.7776],[-101.6103,24.7791],[-101.6004,24.7544],[-101.4617,24.7367],[-101.4127,24.772],[-101.4318,24.7966],[-101.4022,24.7882],[-101.3422,24.8133],[-101.2018,24.7655],[-101.1276,24.6233],[-101.0805,24.5912],[-100.9347,24.5595],[-100.9023,24.5839],[-100.8478,24.5556],[-100.8,24.5562],[-100.8046,24.6034],[-100.7816,24.5987],[-100.7626,24.6646],[-100.8128,24.6767],[-100.8122,24.7391],[-100.786,24.714],[-100.7499,24.7426],[-100.8132,24.7922],[-100.8262,24.835],[-100.7625,24.889],[-100.7409,24.8778],[-100.7429,24.8417],[-100.7141,24.8941],[-100.7423,24.8937],[-100.7275,24.9187],[-100.8215,24.9967],[-100.8046,25.1532],[-100.7721,25.1344],[-100.7448,25.207],[-100.7219,25.1707],[-100.7299,25.1788],[-100.7097,25.1908],[-100.7223,25.1957],[-100.6848,25.275],[-100.3261,25.1855],[-100.2535,25.1305],[-100.2703,25.1093],[-100.2631,25.0983],[-100.2009,25.0199],[-100.1884,25.0293],[-100.1597,25.0136],[-100.1296,24.9441],[-100.0658,24.8899],[-99.9899,24.9041],[-99.9451,24.8537],[-99.9281,24.8267],[-99.984,24.8193],[-99.9481,24.7638],[-99.9957,24.7311],[-99.8667,24.6186],[-99.8415,24.5648],[-99.879,24.5092],[-99.8548,24.501],[-99.8939,24.4703],[-99.8881,24.4542],[-99.9089,24.448],[-99.9743,24.4745],[-99.9981,24.4545],[-100.0614,24.4557],[-100.0766,24.4421],[-100.0911,24.4524],[-100.067,24.3538],[-100.0736,24.3097],[-100.1535,24.2988],[-100.1872,24.2471],[-100.2161,24.2492],[-100.1662,24.1597],[-100.1939,24.1202],[-100.154,24.0948],[-100.1708,24.0755],[-100.101,24.0544],[-100.1035,24.0354],[-100.1202,24.0313],[-100.121,23.9722],[-100.1038,23.9734],[-100.1026,23.9577],[-100.0635,23.9603],[-100.0619,23.9394],[-100.0178,23.9421],[-100.0305,23.8851],[-99.9648,23.857],[-99.9723,23.84],[-99.9423,23.838],[-99.945,23.7879],[-99.908,23.79],[-99.8829,23.7236],[-99.8516,23.7452],[-99.8607,23.7744],[-99.8056,23.7843],[-99.6601,23.7707],[-99.6662,23.7497],[-99.6455,23.6998],[-99.6578,23.6777],[-99.6803,23.675],[-99.5815,23.424],[-99.6192,23.4272],[-99.6515,23.3565],[-99.6548,23.2976],[-99.6207,23.243],[-99.6458,23.2489],[-99.6223,23.2296],[-99.6365,23.2259],[-99.6129,23.2186],[-99.6471,23.2203],[-99.6327,23.1692],[-99.599,23.1707],[-99.5961,23.1123],[-99.5419,23.1148],[-99.4732,23.0785],[-99.4864,23.0757],[-99.4809,23.0271],[-99.4989,23.0349],[-99.4742,22.9702],[-99.5152,22.9402],[-99.5098,22.9288],[-99.5423,22.9259],[-99.5042,22.8968],[-99.5175,22.8381],[-99.4997,22.8207],[-99.5397,22.8058],[-99.5342,22.7682],[-99.5643,22.7481],[-99.5393,22.7291],[-99.4946,22.6209],[-99.5347,22.6128],[-99.5607,22.6412],[-99.6826,22.6811],[-99.7241,22.6596],[-99.8208,22.6608],[-99.8478,22.6781],[-99.8422,22.7362],[-99.9568,22.7516],[-100.0224,22.7259],[-100.0541,22.6124],[-100.0997,22.5551],[-100.1183,22.5019],[-100.1535,22.5536],[-100.1935,22.5249],[-100.2326,22.5586],[-100.2517,22.5323],[-100.3218,22.5956],[-100.3389,22.5778],[-100.3134,22.5123],[-100.3255,22.4983],[-100.3741,22.5284],[-100.4182,22.5017],[-100.4801,22.5604],[-100.5682,22.5622],[-100.5077,22.5503],[-100.4459,22.4176],[-100.4494,22.3908],[-100.4652,22.383],[-100.4877,22.4338],[-100.5222,22.4349],[-100.5569,22.3701],[-100.5945,22.3754],[-100.5979,22.3592],[-100.6313,22.3447],[-100.649,22.3609],[-100.6741,22.3479],[-100.6778,22.3618],[-100.696,22.3385],[-100.754,22.3431],[-100.7505,22.3629],[-100.7899,22.3647],[-100.7823,22.3286],[-100.797,22.3454],[-100.8003,22.3261],[-100.8433,22.2944],[-100.8153,22.2867],[-100.8103,22.2609],[-100.762,22.2738],[-100.7819,22.2532],[-100.7229,22.2552],[-100.7199,22.2089],[-100.7069,22.2076],[-100.7428,22.1414],[-100.7739,22.1479],[-100.7421,22.0537],[-100.7783,22.0596],[-100.7784,22.0403],[-100.7985,22.0446],[-100.7903,22.0027],[-100.8366,22.0067],[-100.8162,21.9692],[-100.8247,21.9328],[-100.8036,21.934],[-100.7902,21.884],[-100.807,21.8231],[-100.8404,21.784],[-100.8222,21.7572],[-100.8531,21.6744],[-100.8649,21.6869],[-100.87,21.6724],[-100.9073,21.6816],[-100.9212,21.7001],[-100.9125,21.7136],[-100.9819,21.7535],[-101.0592,21.7654],[-101.1613,21.7575],[-101.2198,21.8021],[-101.2172,21.8162],[-101.2454,21.8225],[-101.2878,21.8118],[-101.3195,21.8353],[-101.3653,21.8394],[-101.4739,21.8273],[-101.5105,21.7991],[-101.5657,21.8416],[-101.5699,21.9169],[-101.5956,21.9099],[-101.6165,21.9296],[-101.6504,21.9074],[-101.6601,21.9415],[-101.7302,22.0022],[-101.8043,22.0253],[-101.7729,22.0481],[-101.7996,22.1021],[-101.7837,22.1665],[-101.8713,22.1726],[-101.8991,22.2075],[-101.8958,22.2253],[-101.9995,22.2194],[-102.0022,22.2414],[-102.0226,22.2417],[-102.0374,22.2991],[-102.0513,22.2912],[-102.0757,22.3061],[-102.1053,22.2808],[-102.1533,22.2904],[-102.1539,22.3614],[-102.0451,22.4281],[-102.0769,22.4866],[-102.0442,22.5],[-102.0406,22.5343],[-102.087,22.5552],[-102.0771,22.5241],[-102.1297,22.5301],[-102.1273,22.5672],[-102.146,22.5681],[-102.1428,22.5833],[-102.1607,22.5867],[-102.1962,22.6497],[-102.175,22.6732],[-102.1877,22.688],[-102.1678,22.6907],[-102.1769,22.712],[-102.1578,22.7125],[-102.1994,22.747],[-102.2455,22.7343],[-102.2554,22.6896],[-102.313,22.6904],[-102.3999,22.662],[-102.4109,22.63],[-102.4317,22.6286],[-102.429,22.6009],[-102.4727,22.6236],[-102.4743,22.5776],[-102.4993,22.5835],[-102.4946,22.5478],[-102.5112,22.5401],[-102.5619,22.5629],[-102.55,22.6075],[-102.6483,22.6],[-102.6572,22.6173],[-102.7079,22.6295],[-102.7047,22.6513],[-102.7874,22.675],[-102.762,22.7222],[-102.7841,22.7593],[-102.7596,22.7792],[-102.8485,22.8102],[-102.8401,22.8471],[-102.8659,22.8452],[-102.8688,22.9005],[-102.928,22.9208],[-102.9804,22.8977],[-103.0062,22.9244],[-103.0376,22.9231],[-103.0482,22.9023],[-103.0917,22.9179],[-103.1266,22.8687],[-103.1586,22.8537],[-103.1717,22.8709],[-103.1617,22.8788],[-103.2446,22.9032],[-103.2208,22.9471],[-103.2483,22.9678],[-103.2414,23.0097],[-103.3723,23.0611],[-103.3952,23.0484],[-103.4317,23.1199],[-103.5108,23.1256],[-103.5197,23.166],[-103.4834,23.2015],[-103.4961,23.2494],[-103.4705,23.3038],[-103.5232,23.3491],[-103.5187,23.3813],[-103.4889,23.3791],[-103.4962,23.4097],[-103.4793,23.4491],[-103.4638,23.4706],[-103.4428,23.4695],[-103.4924,23.5518],[-103.4673,23.5787],[-103.4804,23.6067],[-103.4179,23.6018],[-103.3693,23.6351],[-103.3928,23.6498],[-103.4076,23.7002],[-103.3702,23.7008],[-103.374,23.7349],[-103.3508,23.7751],[-103.3793,23.8271],[-103.3918,23.8191],[-103.3894,23.8399],[-103.3725,23.8375],[-103.3472,23.8733],[-103.3336,23.9207],[-103.2951,23.928],[-103.2983,23.9478],[-103.3275,23.9582],[-103.3095,23.9848],[-103.3392,24.0091],[-103.3765,23.9723],[-103.4129,23.9688],[-103.4385,24.0015],[-103.4776,23.9958],[-103.537,24.0148],[-103.5715,24.0083],[-103.567,23.9855],[-103.6577,23.989],[-103.7496,24.0484],[-103.7581,24.0723],[-103.7457,24.089],[-103.7976,24.0495],[-103.819,24.087],[-103.8845,24.1279],[-103.9054,24.1038],[-103.8615,24.0861],[-103.8676,24.0398],[-103.9044,24.0537],[-103.9171,24.0262],[-103.941,24.0406],[-103.9641,24.093],[-103.9344,24.111],[-103.9449,24.119],[-103.9209,24.1453],[-103.9527,24.1976],[-103.9312,24.2204],[-103.9334,24.2532],[-103.9148,24.2331],[-103.9005,24.2424],[-103.9194,24.3045],[-103.8961,24.3107],[-103.9014,24.3483],[-103.9251,24.3407],[-103.9762,24.3848],[-103.9687,24.3949],[-104.022,24.4118],[-104.0046,24.4183],[-103.9099,24.3819],[-103.9133,24.4653],[-103.9432,24.5098],[-103.9941,24.4814],[-104.0085,24.4984],[-104.0365,24.6121],[-104.0258,24.6505],[-104.0477,24.6811],[-104.0648,24.6291],[-104.1282,24.6835],[-104.183,24.6799],[-104.264,24.6316],[-104.2157,24.5914],[-104.267,24.5857],[-104.3163,24.6966],[-104.2532,24.6909],[-104.2507,24.7153],[-104.3367,24.7245],[-104.3426,24.6974],[-104.4128,24.7093],[-104.3985,24.6615],[-104.3738,24.6593],[-104.4349,24.649],[-104.4373,24.618],[-104.4597,24.6136],[-104.4672,24.585],[-104.4552,24.5593],[-104.579,24.5714],[-104.5739,24.6676],[-104.6986,24.6968],[-104.7066,24.7436],[-104.7231,24.7477],[-104.7224,24.7781],[-104.7356,24.7836],[-104.7168,24.833],[-104.7534,24.8867],[-104.7398,24.9464],[-104.7904,24.9297],[-104.8813,25.0211],[-104.9282,25.0057],[-104.9288,25.0478],[-104.9597,25.054],[-104.9625,25.0934],[-104.9825,25.0817],[-105.0072,25.1124],[-105.0307,25.103],[-105.0276,25.1159],[-105.0644,25.1112],[-105.08,25.0902],[-105.1194,25.0973],[-105.1119,25.0687],[-105.1481,25.0544],[-105.1747,24.992],[-105.1607,24.9845],[-105.2158,24.9186],[-105.2129,24.9069],[-105.1617,24.9289],[-105.1409,24.8992],[-105.2646,24.8734],[-105.2378,24.8],[-105.2983,24.784],[-105.2783,24.7626],[-105.3198,24.7671],[-105.2862,24.7205],[-105.291,24.7041],[-105.2808,24.7079],[-105.2784,24.6436],[-105.2495,24.6517],[-105.2639,24.6204],[-105.2731,24.6336],[-105.2977,24.6134],[-105.2938,24.6352],[-105.3257,24.6145],[-105.3497,24.6774],[-105.4131,24.6348],[-105.4866,24.6468],[-105.527,24.6189],[-105.5629,24.6167],[-105.5941,24.6429],[-105.6827,24.6102],[-105.7024,24.6498],[-105.6785,24.6526],[-105.6343,24.753],[-105.6455,24.7534],[-105.6483,24.7946],[-105.7086,24.793],[-105.7088,24.8136],[-105.7472,24.8244],[-105.7458,24.8357],[-105.8867,24.8822],[-105.9163,24.9227],[-105.9821,24.8932],[-105.9818,24.8425],[-106.0076,24.8157],[-106.0524,24.8238],[-106.0576,24.8046],[-106.0932,24.8125],[-106.1349,24.7926],[-106.2034,24.8039],[-106.2207,24.7448],[-106.2863,24.7734],[-106.302,24.7449],[-106.3804,24.7441],[-106.4185,24.7829],[-106.4859,24.7386],[-106.4966,24.7152],[-106.5281,24.7069],[-106.4856,24.7925],[-106.5267,24.841],[-106.5495,24.8263],[-106.5352,24.8426],[-106.5658,24.857],[-106.6147,24.9802],[-106.5819,24.9937],[-106.5592,24.9578],[-106.5066,24.9504],[-106.5017,25.0022],[-106.4662,24.9684],[-106.3749,25.101],[-106.3874,25.0414],[-106.3594,25.0471],[-106.3253,25.0809],[-106.3142,25.0543],[-106.3351,25.0322],[-106.2704,24.9914],[-106.1759,24.9929],[-106.1902,25.0237],[-106.1692,25.0248],[-106.1729,25.0699],[-106.1248,25.0679],[-106.1232,25.1018],[-106.174,25.1013],[-106.1617,25.1199],[-106.1922,25.1419],[-106.1987,25.1114],[-106.2252,25.091],[-106.2724,25.108],[-106.2557,25.1338],[-106.2725,25.1703],[-106.2145,25.1916],[-106.2572,25.2191],[-106.2137,25.2192],[-106.2026,25.2024],[-106.172,25.2506],[-106.2127,25.3152],[-106.3657,25.2973],[-106.4366,25.3317],[-106.4592,25.3632],[-106.528,25.3911],[-106.6751,25.3986],[-106.691,25.4454],[-106.643,25.5105],[-106.6537,25.5779],[-106.6308,25.5858],[-106.5913,25.6478],[-106.4636,25.729],[-106.464,25.7417],[-106.556,25.6917],[-106.5601,25.9127],[-106.5473,25.9524],[-106.4558,25.9726],[-106.4447,26.0051],[-106.4704,26.0054],[-106.4534,26.0278],[-106.4712,26.0605],[-106.4586,26.1121],[-106.4156,26.1394],[-106.4328,26.204],[-106.3123,26.3487],[-106.287,26.3351],[-106.2755,26.3674],[-106.3022,26.3639],[-106.2976,26.3964],[-106.2644,26.4061],[-106.242,26.4668],[-106.2539,26.5073],[-106.2414,26.4931],[-106.2068,26.5126],[-106.2033,26.4797],[-106.2243,26.4715],[-106.1533,26.4697],[-106.1246,26.4157],[-106.076,26.3997],[-106.0307,26.3622],[-105.9973,26.3882],[-105.9921,26.4264],[-105.9481,26.4516],[-105.9195,26.4016],[-105.9324,26.4265],[-105.8993,26.4202],[-105.8761,26.4513],[-105.8794,26.4756],[-105.8116,26.5104],[-105.8139,26.5335],[-105.7836,26.5417],[-105.7661,26.5186],[-105.7798,26.5072],[-105.7208,26.5058],[-105.7147,26.4769],[-105.688,26.4607],[-105.6816,26.4219],[-105.6964,26.4069],[-105.6804,26.4045],[-105.6495,26.3327],[-105.5651,26.3772],[-105.5295,26.3254],[-105.4949,26.3274],[-105.4776,26.2336],[-105.3549,26.0711],[-105.2194,26.1333],[-105.2771,26.2012],[-105.0526,26.4297],[-104.9975,26.4557],[-104.9631,26.4492],[-104.9654,26.4712],[-104.9442,26.4684],[-104.9086,26.5055],[-104.8093,26.5085],[-104.7479,26.4924],[-104.6725,26.4203]]]]}},{"type":"Feature","properties":{"clv":"VIII","name":"Lerma-Santiago-Pacífico","pressure":45.9,"grade":"Alto"},"geometry":{"type":"MultiPolygon","coordinates":[[[[-103.8035,23.2985],[-103.7921,23.2813],[-103.7534,23.3033],[-103.726,23.2963],[-103.735,23.2602],[-103.6913,23.2531],[-103.6875,23.2169],[-103.6656,23.2365],[-103.6514,23.2266],[-103.6585,23.191],[-103.6836,23.1968],[-103.7311,23.1648],[-103.7695,23.1597],[-103.7878,23.1288],[-103.7775,23.0999],[-103.683,23.1141],[-103.6611,23.0975],[-103.6186,23.1486],[-103.6106,23.1355],[-103.5804,23.1631],[-103.5533,23.1483],[-103.5176,23.1634],[-103.5091,23.1243],[-103.4317,23.1199],[-103.3952,23.0484],[-103.3723,23.0611],[-103.2414,23.0097],[-103.2483,22.9678],[-103.2208,22.9471],[-103.2446,22.9032],[-103.1617,22.8788],[-103.1717,22.8709],[-103.1586,22.8537],[-103.1266,22.8687],[-103.0917,22.9179],[-103.0482,22.9023],[-103.0376,22.9231],[-103.0062,22.9244],[-102.9804,22.8977],[-102.928,22.9208],[-102.8688,22.9005],[-102.8659,22.8452],[-102.8401,22.8471],[-102.8485,22.8102],[-102.7596,22.7792],[-102.7841,22.7593],[-102.762,22.7222],[-102.7874,22.675],[-102.7047,22.6513],[-102.7079,22.6295],[-102.6572,22.6173],[-102.6483,22.6],[-102.55,22.6075],[-102.5619,22.5629],[-102.5246,22.5442],[-102.4967,22.5436],[-102.4993,22.5835],[-102.4743,22.5776],[-102.4727,22.6236],[-102.429,22.6009],[-102.4317,22.6286],[-102.4109,22.63],[-102.3999,22.662],[-102.313,22.6904],[-102.2554,22.6896],[-102.2455,22.7343],[-102.1994,22.747],[-102.1578,22.7125],[-102.1769,22.712],[-102.1678,22.6907],[-102.1877,22.688],[-102.175,22.6732],[-102.1962,22.6497],[-102.1607,22.5867],[-102.1428,22.5833],[-102.146,22.5681],[-102.1273,22.5672],[-102.1297,22.5301],[-102.0771,22.5241],[-102.087,22.5552],[-102.0406,22.5343],[-102.0442,22.5],[-102.0769,22.4866],[-102.0451,22.4281],[-102.1539,22.3614],[-102.1533,22.2904],[-102.1053,22.2808],[-102.0757,22.3061],[-102.0513,22.2912],[-102.0374,22.2991],[-102.0226,22.2417],[-102.0022,22.2414],[-101.9995,22.2194],[-101.8958,22.2253],[-101.8991,22.2075],[-101.8713,22.1726],[-101.7837,22.1665],[-101.7996,22.1021],[-101.7729,22.0481],[-101.8043,22.0253],[-101.7302,22.0022],[-101.6601,21.9415],[-101.6504,21.9074],[-101.6165,21.9296],[-101.5956,21.9099],[-101.5699,21.9169],[-101.5657,21.8416],[-101.5358,21.8098],[-101.5221,21.8181],[-101.5105,21.7991],[-101.4739,21.8273],[-101.3195,21.8353],[-101.2898,21.8121],[-101.2172,21.8162],[-101.2198,21.8021],[-101.1613,21.7575],[-101.0592,21.7654],[-100.9819,21.7535],[-100.9125,21.7136],[-100.9212,21.7001],[-100.9073,21.6816],[-100.87,21.6724],[-100.8649,21.6869],[-100.8346,21.6646],[-100.8576,21.6189],[-100.8094,21.592],[-100.7339,21.5785],[-100.7177,21.5501],[-100.6812,21.5475],[-100.6575,21.5247],[-100.6355,21.5432],[-100.614,21.533],[-100.615,21.5058],[-100.5337,21.5423],[-100.4611,21.5453],[-100.4626,21.5751],[-100.4858,21.5953],[-100.4348,21.6821],[-100.2722,21.6873],[-100.2464,21.6649],[-100.2232,21.6656],[-100.2162,21.6323],[-100.2283,21.6315],[-100.1959,21.6183],[-100.2161,21.5583],[-100.2394,21.5489],[-100.2259,21.5164],[-100.2477,21.511],[-100.2367,21.4864],[-100.2188,21.4989],[-100.2265,21.4687],[-100.2983,21.4446],[-100.2982,21.419],[-100.3442,21.4232],[-100.3415,21.3946],[-100.3601,21.3863],[-100.369,21.3402],[-100.3475,21.3257],[-100.3822,21.2645],[-100.3631,21.2519],[-100.352,21.2107],[-100.3375,21.2194],[-100.3148,21.2057],[-100.2396,21.1202],[-100.2538,21.0873],[-100.2934,21.0922],[-100.2542,21.0443],[-100.2493,20.9832],[-100.2304,20.9791],[-100.2456,20.9633],[-100.1879,20.9325],[-100.2336,20.9197],[-100.2716,20.8554],[-100.2277,20.8657],[-100.1994,20.7709],[-100.1802,20.781],[-100.1942,20.7614],[-100.1826,20.7334],[-100.1627,20.7301],[-100.1694,20.7043],[-100.155,20.698],[-100.1777,20.6953],[-100.1971,20.6431],[-100.1841,20.6118],[-100.2019,20.5842],[-100.1753,20.5277],[-100.2032,20.517],[-100.1919,20.5334],[-100.2324,20.5324],[-100.2195,20.5192],[-100.2488,20.488],[-100.2475,20.4588],[-100.2987,20.4487],[-100.2778,20.3981],[-100.2302,20.3875],[-100.2516,20.3846],[-100.2531,20.3585],[-100.1961,20.3666],[-100.1834,20.3594],[-100.1894,20.3381],[-100.2172,20.3189],[-100.2511,20.3198],[-100.259,20.2902],[-100.3065,20.2819],[-100.2605,20.2675],[-100.1811,20.2086],[-100.1903,20.1766],[-100.2358,20.1431],[-100.1972,20.1295],[-100.203,20.0764],[-100.1826,20.086],[-100.0888,20.0148],[-100.0772,20.0286],[-99.9921,19.9868],[-99.9744,19.9713],[-99.968,19.9304],[-99.9325,19.9392],[-99.8909,19.9057],[-99.9101,19.8867],[-99.8865,19.8858],[-99.8845,19.9016],[-99.8478,19.8745],[-99.8499,19.8562],[-99.8393,19.8678],[-99.7896,19.8455],[-99.7701,19.8246],[-99.7796,19.8126],[-99.6839,19.7354],[-99.6774,19.703],[-99.6348,19.6887],[-99.6481,19.6659],[-99.6215,19.6316],[-99.5785,19.6038],[-99.5644,19.6412],[-99.5247,19.6149],[-99.5382,19.5942],[-99.515,19.5733],[-99.5222,19.5416],[-99.4326,19.4894],[-99.3958,19.4168],[-99.4043,19.3512],[-99.3807,19.3061],[-99.3497,19.2976],[-99.3652,19.2782],[-99.3411,19.2687],[-99.3431,19.2419],[-99.3084,19.2155],[-99.2815,19.132],[-99.3206,19.0966],[-99.318,19.0725],[-99.451,19.0795],[-99.5303,19.1199],[-99.5268,19.0746],[-99.5604,19.0103],[-99.6029,19.0147],[-99.6045,19.04],[-99.6556,19.03],[-99.661,19.0558],[-99.7167,19.0531],[-99.7522,19.0276],[-99.7494,18.9864],[-99.7659,19.0035],[-99.7696,19.0561],[-99.8475,19.0747],[-99.8252,19.1352],[-99.8396,19.155],[-99.8783,19.1592],[-99.8456,19.1755],[-99.8575,19.1976],[-99.8843,19.2048],[-99.8668,19.2171],[-99.8739,19.2362],[-99.9011,19.2245],[-99.9221,19.3589],[-99.8928,19.3685],[-99.9133,19.374],[-99.9114,19.3984],[-99.8828,19.4013],[-99.8871,19.4197],[-99.867,19.4057],[-99.8721,19.4269],[-99.8531,19.4196],[-99.8619,19.4382],[-99.9149,19.4417],[-99.8901,19.4525],[-99.9157,19.4819],[-99.9339,19.4876],[-99.9427,19.4649],[-99.9529,19.4723],[-99.9329,19.5207],[-99.949,19.5388],[-99.9253,19.5691],[-99.9438,19.572],[-99.9576,19.5426],[-99.9951,19.5494],[-99.9928,19.5603],[-100.0302,19.5541],[-100.0606,19.5259],[-100.0711,19.4884],[-100.0968,19.4925],[-100.0911,19.5139],[-100.123,19.5254],[-100.1435,19.4855],[-100.1963,19.4967],[-100.2054,19.5369],[-100.2369,19.5522],[-100.2568,19.6658],[-100.3153,19.6692],[-100.339,19.6549],[-100.3729,19.6972],[-100.4002,19.7046],[-100.4305,19.6918],[-100.4193,19.6772],[-100.4308,19.6563],[-100.4865,19.6379],[-100.5078,19.697],[-100.4966,19.7196],[-100.5561,19.8056],[-100.5964,19.8055],[-100.5768,19.8322],[-100.5991,19.8619],[-100.6193,19.8119],[-100.653,19.8229],[-100.6593,19.8099],[-100.7197,19.8005],[-100.6993,19.7682],[-100.7064,19.7345],[-100.7737,19.7458],[-100.8019,19.7181],[-100.8105,19.6647],[-100.7676,19.6007],[-100.8381,19.6127],[-100.8467,19.6028],[-100.8739,19.6572],[-100.8851,19.6646],[-100.9001,19.6496],[-100.9172,19.6723],[-100.9293,19.6397],[-100.9127,19.6244],[-100.9693,19.5976],[-100.9708,19.5675],[-101.02,19.5574],[-101.0247,19.5421],[-101.0828,19.583],[-101.1159,19.5823],[-101.131,19.5545],[-101.1076,19.5462],[-101.1317,19.5243],[-101.1453,19.5373],[-101.1687,19.5216],[-101.1809,19.4476],[-101.2338,19.4798],[-101.2507,19.4604],[-101.2713,19.4638],[-101.2802,19.4282],[-101.3143,19.4245],[-101.3292,19.4062],[-101.4542,19.4136],[-101.4917,19.4003],[-101.52,19.4247],[-101.5311,19.4118],[-101.6041,19.4324],[-101.6123,19.45],[-101.7168,19.458],[-101.7751,19.4822],[-101.7764,19.4961],[-101.8052,19.4885],[-101.8101,19.5008],[-101.7726,19.5157],[-101.7959,19.553],[-101.7742,19.5652],[-101.7847,19.5952],[-101.8104,19.5948],[-101.8244,19.5718],[-101.8605,19.5594],[-101.904,19.5638],[-101.9138,19.5487],[-101.9524,19.5605],[-101.9944,19.601],[-101.9712,19.6482],[-101.9727,19.6749],[-101.9961,19.6847],[-101.9871,19.6947],[-102.0102,19.7146],[-102.1128,19.698],[-102.1287,19.7415],[-102.1786,19.7177],[-102.2128,19.814],[-102.271,19.8049],[-102.294,19.7685],[-102.338,19.7526],[-102.3844,19.7884],[-102.385,19.8146],[-102.4565,19.789],[-102.533,19.8093],[-102.5206,19.8689],[-102.5374,19.8649],[-102.573,19.9008],[-102.611,19.8818],[-102.6695,19.9029],[-102.6715,19.8865],[-102.6985,19.8853],[-102.7646,19.9238],[-102.777,19.9599],[-102.7938,19.9503],[-102.8839,19.9767],[-102.9089,19.9705],[-102.9151,19.8991],[-102.9785,19.867],[-102.9735,19.8182],[-102.9861,19.8025],[-102.9639,19.7787],[-102.988,19.7516],[-102.9709,19.7469],[-102.9646,19.6972],[-102.9438,19.6785],[-102.9738,19.6334],[-103.0058,19.6395],[-103.0072,19.6114],[-103.0293,19.5865],[-103.0039,19.5538],[-103.019,19.5219],[-103.0486,19.5029],[-103.0736,19.5134],[-103.0884,19.5034],[-103.0911,19.4927],[-103.0616,19.485],[-103.0915,19.4746],[-103.0647,19.4481],[-103.1156,19.4456],[-103.1195,19.4274],[-103.0911,19.4196],[-103.0841,19.398],[-103.1632,19.3151],[-103.1301,19.2745],[-103.0772,19.257],[-103.1052,19.2159],[-103.047,19.1832],[-103.0406,19.1284],[-103.0191,19.1321],[-103.0162,19.0792],[-102.991,19.0534],[-103.0254,19.0531],[-103.0335,19.0291],[-103.0452,19.032],[-103.0353,19.0025],[-103.0215,19.0105],[-102.9761,18.959],[-102.9497,18.9807],[-102.9158,18.975],[-102.9188,18.9577],[-102.8781,18.9214],[-102.7917,18.9757],[-102.7397,18.9666],[-102.6677,19.072],[-102.6512,19.0474],[-102.5942,19.0482],[-102.6171,18.9208],[-102.6481,18.8565],[-102.5929,18.7439],[-102.5462,18.7195],[-102.4977,18.7174],[-102.4823,18.737],[-102.4376,18.7113],[-102.4106,18.7209],[-102.3439,18.7096],[-102.3408,18.7301],[-102.2837,18.7338],[-102.2416,18.7653],[-102.2746,18.7888],[-102.2842,18.8265],[-102.2576,18.8464],[-102.2357,18.8406],[-102.2176,18.8106],[-102.2202,18.7506],[-102.1669,18.6324],[-102.2172,18.6261],[-102.2286,18.5931],[-102.2658,18.5983],[-102.2867,18.5663],[-102.2695,18.531],[-102.2831,18.491],[-102.3178,18.4945],[-102.3453,18.4764],[-102.3413,18.4445],[-102.3551,18.4393],[-102.3448,18.4272],[-102.3744,18.4026],[-102.394,18.4164],[-102.4042,18.3998],[-102.4769,18.3925],[-102.509,18.3214],[-102.5463,18.3464],[-102.5902,18.3319],[-102.6157,18.3523],[-102.6696,18.3356],[-102.6825,18.3616],[-102.7452,18.3902],[-102.7717,18.3794],[-102.8362,18.4036],[-102.8657,18.3392],[-102.8496,18.3122],[-102.756,18.3099],[-102.7537,18.268],[-102.7374,18.2675],[-102.7446,18.2367],[-102.7626,18.2453],[-102.7998,18.1984],[-102.7861,18.1803],[-102.7843,18.1516],[-102.8021,18.136],[-102.7995,18.1118],[-102.7826,18.1069],[-102.7875,18.0829],[-103.0314,18.1882],[-103.1118,18.191],[-103.3345,18.2694],[-103.3609,18.2643],[-103.4934,18.3285],[-103.5803,18.502],[-103.6748,18.5828],[-103.7062,18.5905],[-103.6855,18.6245],[-103.6943,18.644],[-103.8335,18.7706],[-104.1155,18.942],[-104.3311,19.0179],[-104.3295,19.051],[-104.306,19.0568],[-104.3041,19.0713],[-104.3351,19.1025],[-104.3541,19.0915],[-104.3558,19.1155],[-104.3882,19.1177],[-104.395,19.0883],[-104.4159,19.1062],[-104.4415,19.0842],[-104.4525,19.1093],[-104.4893,19.1244],[-104.6926,19.1739],[-104.6864,19.2078],[-104.7332,19.2221],[-104.7302,19.2399],[-104.8092,19.2333],[-104.789,19.2819],[-104.7995,19.2997],[-104.8308,19.3078],[-104.8373,19.2899],[-104.8764,19.2808],[-104.9377,19.3089],[-105.0281,19.3836],[-105.0252,19.4354],[-105.0703,19.4681],[-105.061,19.4959],[-105.0818,19.5055],[-105.0893,19.5606],[-105.1198,19.5874],[-105.1426,19.5752],[-105.1635,19.613],[-105.1995,19.6212],[-105.2649,19.6793],[-105.2659,19.6986],[-105.493,19.9924],[-105.5498,20.0947],[-105.543,20.185],[-105.5544,20.2242],[-105.6566,20.3184],[-105.6923,20.3893],[-105.6937,20.4095],[-105.6719,20.4079],[-105.6705,20.4263],[-105.6044,20.4757],[-105.3168,20.5117],[-105.258,20.5567],[-105.2334,20.6151],[-105.2451,20.6529],[-105.2862,20.6734],[-105.3455,20.7588],[-105.412,20.7354],[-105.5106,20.7718],[-105.5382,20.7621],[-105.5278,20.7883],[-105.4871,20.7967],[-105.4509,20.8758],[-105.4351,20.8742],[-105.402,20.9313],[-105.3327,20.9847],[-105.3133,21.0351],[-105.2729,21.0235],[-105.2389,21.0566],[-105.2285,21.1033],[-105.2388,21.1331],[-105.2238,21.1593],[-105.2329,21.1829],[-105.2163,21.205],[-105.248,21.3475],[-105.1883,21.4461],[-105.1978,21.4932],[-105.2268,21.5231],[-105.2655,21.5122],[-105.4536,21.6251],[-105.4326,21.6546],[-105.4286,21.6246],[-105.4089,21.6246],[-105.4223,21.6668],[-105.3686,21.6737],[-105.3621,21.6965],[-105.3238,21.7194],[-105.2995,21.6975],[-105.2883,21.7115],[-105.3005,21.7365],[-105.2485,21.6998],[-105.2371,21.7094],[-105.2278,21.6872],[-105.1396,21.7048],[-105.1187,21.6736],[-105.1137,21.7048],[-105.0902,21.7135],[-105.1229,21.7324],[-105.113,21.746],[-105.0405,21.7452],[-105.0268,21.7213],[-104.9943,21.7167],[-104.9303,21.7477],[-104.9408,21.8129],[-104.9075,21.8446],[-104.923,21.8598],[-104.8908,21.8887],[-104.9025,21.9028],[-104.8318,21.982],[-104.7923,21.9981],[-104.8327,22.0347],[-104.8109,22.073],[-104.8319,22.1192],[-104.8608,22.143],[-104.9843,22.1672],[-104.9828,22.2074],[-105.014,22.2302],[-105.0214,22.3036],[-105.0432,22.3076],[-105.0519,22.3308],[-105.0221,22.3739],[-105.0339,22.4171],[-105.054,22.429],[-105.0234,22.4608],[-104.9967,22.4572],[-105.0044,22.4887],[-104.9882,22.4801],[-104.8618,22.6089],[-104.8582,22.6525],[-104.8151,22.6344],[-104.8042,22.649],[-104.7795,22.6433],[-104.7761,22.5856],[-104.7564,22.5667],[-104.7199,22.5692],[-104.7088,22.5548],[-104.6701,22.5654],[-104.6558,22.5402],[-104.6554,22.4623],[-104.6027,22.4607],[-104.5933,22.4122],[-104.5065,22.3452],[-104.4813,22.3518],[-104.4954,22.3749],[-104.3745,22.3933],[-104.2991,22.4618],[-104.3244,22.5345],[-104.2615,22.5863],[-104.2834,22.6218],[-104.2698,22.6359],[-104.29,22.645],[-104.2664,22.7366],[-104.2321,22.7532],[-104.2222,22.7789],[-104.1832,22.7585],[-104.0805,22.7667],[-104.0953,22.8059],[-104.1116,22.8101],[-104.1127,22.9052],[-104.152,22.9222],[-104.1737,22.9825],[-104.1722,23.1285],[-104.1291,23.1823],[-104.1132,23.3168],[-104.0613,23.3003],[-103.9892,23.3143],[-103.9538,23.2743],[-103.9007,23.2776],[-103.8848,23.3105],[-103.8452,23.3209],[-103.8006,23.3233],[-103.8035,23.2985]]],[[[-106.5408,21.544],[-106.5463,21.5634],[-106.6291,21.5988],[-106.6606,21.6938],[-106.5983,21.6905],[-106.5364,21.6583],[-106.5375,21.633],[-106.5058,21.6035],[-106.5119,21.5707],[-106.5408,21.544]]],[[[-106.3892,21.4196],[-106.4802,21.4497],[-106.4937,21.4677],[-106.4584,21.4955],[-106.3735,21.4824],[-106.3587,21.4555],[-106.3804,21.4486],[-106.3892,21.4196]]],[[[-110.9544,18.7123],[-110.973,18.7386],[-111.0196,18.7498],[-111.038,18.7804],[-111.0582,18.7744],[-111.0442,18.791],[-111.0541,18.8102],[-111.0172,18.8173],[-110.9915,18.8593],[-110.9473,18.8321],[-110.9187,18.7913],[-110.9224,18.7267],[-110.9544,18.7123]]]]}},{"type":"Feature","properties":{"clv":"IX","name":"Golfo Norte","pressure":21.0,"grade":"Medio"},"geometry":{"type":"MultiPolygon","coordinates":[[[[-97.7904,25.3264],[-97.6702,25.2245],[-97.5174,25.042],[-97.6481,24.6245],[-97.7063,24.3241],[-97.7374,23.9536],[-97.7315,23.7717],[-97.769,23.3782],[-97.766,22.8948],[-97.7875,22.7959],[-97.8512,22.6357],[-97.8591,22.5194],[-97.8457,22.4938],[-97.859,22.4927],[-97.8577,22.4716],[-97.8232,22.3351],[-97.7836,22.2626],[-97.7932,22.2198],[-97.7764,22.1328],[-97.7073,21.9713],[-97.5614,21.768],[-97.3279,21.5672],[-97.3318,21.5101],[-97.4224,21.2905],[-97.4143,21.2086],[-97.3652,21.0978],[-97.388,21.1332],[-97.4156,21.1072],[-97.4679,21.1394],[-97.5678,21.1051],[-97.63,21.1589],[-97.6371,21.1837],[-97.7076,21.1921],[-97.7945,21.2392],[-97.8185,21.2195],[-97.8771,21.2371],[-97.9153,21.1979],[-97.9679,21.1852],[-97.9416,21.1668],[-97.9401,21.1025],[-97.9173,21.1067],[-97.8733,21.0629],[-97.8813,21.0478],[-97.9125,21.0505],[-97.9223,21.0278],[-97.9056,21.0193],[-97.9256,20.998],[-97.9046,21.0024],[-97.9096,20.9883],[-97.8999,20.9971],[-97.8877,20.982],[-97.8657,20.989],[-97.8482,20.9701],[-97.8817,20.9297],[-97.8774,20.8957],[-97.8973,20.9005],[-97.9299,20.8794],[-97.915,20.8756],[-97.9244,20.846],[-97.9575,20.8347],[-97.9907,20.8775],[-98.01,20.8614],[-98.002,20.8778],[-98.0416,20.8953],[-98.0776,20.863],[-98.1045,20.8709],[-98.1213,20.8256],[-98.1375,20.8288],[-98.1353,20.8108],[-98.0988,20.796],[-98.113,20.7877],[-98.088,20.7752],[-98.0972,20.7535],[-98.1107,20.7599],[-98.114,20.7429],[-98.0984,20.733],[-98.1841,20.7396],[-98.1866,20.7033],[-98.2213,20.6757],[-98.2539,20.6699],[-98.2647,20.6836],[-98.2835,20.6694],[-98.3041,20.6875],[-98.2974,20.7025],[-98.3674,20.6866],[-98.4292,20.7164],[-98.4597,20.6965],[-98.4632,20.6673],[-98.4943,20.6444],[-98.4807,20.5889],[-98.5222,20.588],[-98.5349,20.5303],[-98.587,20.5027],[-98.5496,20.4351],[-98.5487,20.3603],[-98.5173,20.3369],[-98.4236,20.3282],[-98.3694,20.3022],[-98.3377,20.3125],[-98.3336,20.3296],[-98.311,20.3224],[-98.3197,20.3113],[-98.2934,20.2917],[-98.2789,20.2253],[-98.2601,20.2152],[-98.2929,20.1927],[-98.2903,20.1768],[-98.2467,20.131],[-98.2758,20.0791],[-98.2429,20.0862],[-98.2235,20.0709],[-98.1578,20.0842],[-98.1809,20.0453],[-98.1608,19.977],[-98.1807,19.9597],[-98.2158,19.9685],[-98.2222,19.947],[-98.2513,19.9483],[-98.2481,19.9175],[-98.2678,19.9161],[-98.2687,19.8968],[-98.3231,19.8423],[-98.3632,19.8622],[-98.3852,19.8516],[-98.3779,19.9263],[-98.3608,19.9465],[-98.3742,19.9758],[-98.3597,19.9885],[-98.3927,19.9895],[-98.3884,20.0192],[-98.4182,20.0216],[-98.441,20.0436],[-98.4737,20.0389],[-98.4548,20.0564],[-98.4968,20.0647],[-98.502,20.0819],[-98.4805,20.0762],[-98.5005,20.0952],[-98.5548,20.1022],[-98.5832,20.1261],[-98.6049,20.1169],[-98.6105,20.1328],[-98.6309,20.1295],[-98.6324,20.1472],[-98.6548,20.1458],[-98.6616,20.207],[-98.7026,20.1759],[-98.7376,20.1815],[-98.7484,20.1443],[-98.7938,20.1431],[-98.7807,20.1734],[-98.8306,20.1601],[-98.8393,20.1856],[-98.8139,20.2321],[-98.8201,20.2685],[-98.7859,20.3097],[-98.8241,20.3245],[-98.806,20.335],[-98.802,20.3669],[-98.8245,20.4125],[-98.8431,20.4063],[-98.9,20.4289],[-98.8938,20.462],[-98.9105,20.4692],[-98.9154,20.4968],[-98.949,20.4991],[-98.9402,20.5299],[-98.9571,20.5305],[-98.9655,20.5678],[-98.9443,20.5821],[-98.9527,20.6036],[-98.9282,20.6457],[-98.965,20.6305],[-98.9692,20.6442],[-99.0049,20.6517],[-99.024,20.7205],[-99.0047,20.7389],[-99.0365,20.7758],[-99.1221,20.747],[-99.1176,20.7348],[-99.1384,20.7303],[-99.1319,20.7139],[-99.2247,20.6903],[-99.2374,20.7077],[-99.2756,20.6993],[-99.2844,20.6548],[-99.2557,20.6104],[-99.2727,20.5848],[-99.2832,20.6093],[-99.314,20.5704],[-99.3288,20.5836],[-99.3642,20.5775],[-99.3936,20.6036],[-99.4714,20.6046],[-99.4647,20.5779],[-99.4888,20.5606],[-99.4729,20.5273],[-99.4859,20.502],[-99.4692,20.49],[-99.5187,20.4573],[-99.4957,20.4278],[-99.5183,20.4242],[-99.5163,20.3849],[-99.5359,20.3689],[-99.5419,20.3318],[-99.5316,20.3233],[-99.5575,20.2928],[-99.5498,20.2753],[-99.5906,20.2718],[-99.5777,20.2547],[-99.5922,20.2371],[-99.5616,20.239],[-99.5649,20.2078],[-99.5312,20.1788],[-99.5201,20.1924],[-99.5033,20.1562],[-99.5188,20.1469],[-99.4871,20.1051],[-99.5333,20.1202],[-99.54,20.1024],[-99.584,20.1031],[-99.5746,20.0814],[-99.5854,20.0656],[-99.5666,20.0464],[-99.5522,20.0491],[-99.551,20.0683],[-99.5201,20.0631],[-99.5243,20.0388],[-99.5479,20.0402],[-99.5624,20.0125],[-99.5221,20.0042],[-99.5222,19.9898],[-99.5065,20.0168],[-99.4775,19.9867],[-99.4443,19.985],[-99.4515,19.9635],[-99.4778,19.9605],[-99.4837,19.905],[-99.4638,19.8923],[-99.436,19.9031],[-99.4453,19.8843],[-99.4327,19.8752],[-99.4512,19.8528],[-99.4612,19.8769],[-99.5048,19.8922],[-99.5486,19.8895],[-99.5568,19.8801],[-99.5437,19.8669],[-99.6205,19.9042],[-99.6552,19.8963],[-99.6695,19.841],[-99.7217,19.8393],[-99.7457,19.8257],[-99.7393,19.8013],[-99.7575,19.7976],[-99.7796,19.8126],[-99.7701,19.8246],[-99.7896,19.8455],[-99.8393,19.8678],[-99.8499,19.8562],[-99.8478,19.8745],[-99.8845,19.9016],[-99.8865,19.8858],[-99.9101,19.8867],[-99.8909,19.9057],[-99.9325,19.9392],[-99.968,19.9304],[-99.9744,19.9713],[-99.9921,19.9868],[-100.0772,20.0286],[-100.0888,20.0148],[-100.1826,20.086],[-100.203,20.0764],[-100.1972,20.1295],[-100.2358,20.1431],[-100.1903,20.1766],[-100.1811,20.2086],[-100.3076,20.2853],[-100.259,20.2902],[-100.2511,20.3198],[-100.2172,20.3189],[-100.1894,20.3381],[-100.1834,20.3594],[-100.1961,20.3666],[-100.2531,20.3585],[-100.2516,20.3846],[-100.2302,20.3875],[-100.2778,20.3981],[-100.2987,20.4487],[-100.2475,20.4588],[-100.2488,20.488],[-100.2195,20.5192],[-100.2324,20.5324],[-100.1919,20.5334],[-100.2032,20.517],[-100.1753,20.5277],[-100.2019,20.5842],[-100.1841,20.6118],[-100.1971,20.6431],[-100.1777,20.6953],[-100.155,20.698],[-100.1694,20.7043],[-100.1627,20.7301],[-100.1826,20.7334],[-100.1942,20.7614],[-100.1802,20.781],[-100.1994,20.7709],[-100.2277,20.8657],[-100.2716,20.8554],[-100.2336,20.9197],[-100.1879,20.9325],[-100.2456,20.9633],[-100.2304,20.9791],[-100.2493,20.9832],[-100.2542,21.0443],[-100.2934,21.0922],[-100.2538,21.0873],[-100.2396,21.1202],[-100.3148,21.2057],[-100.3375,21.2194],[-100.352,21.2107],[-100.3631,21.2519],[-100.3822,21.2645],[-100.3475,21.3257],[-100.369,21.3402],[-100.3601,21.3863],[-100.3415,21.3946],[-100.3442,21.4232],[-100.2982,21.419],[-100.2983,21.4446],[-100.2265,21.4687],[-100.2188,21.4989],[-100.2367,21.4864],[-100.2477,21.511],[-100.2259,21.5164],[-100.2394,21.5489],[-100.2161,21.5583],[-100.1959,21.6183],[-100.2283,21.6315],[-100.2162,21.6323],[-100.2232,21.6656],[-100.2464,21.6649],[-100.2722,21.6873],[-100.4348,21.6821],[-100.4858,21.5953],[-100.4626,21.5751],[-100.4611,21.5453],[-100.5337,21.5423],[-100.615,21.5058],[-100.614,21.533],[-100.6355,21.5432],[-100.6575,21.5247],[-100.6812,21.5475],[-100.7177,21.5501],[-100.7339,21.5785],[-100.8094,21.592],[-100.8576,21.6189],[-100.8346,21.6646],[-100.8531,21.6743],[-100.847,21.7158],[-100.8222,21.7572],[-100.8404,21.784],[-100.807,21.8231],[-100.7902,21.884],[-100.8036,21.934],[-100.8247,21.9328],[-100.8162,21.9692],[-100.8366,22.0067],[-100.7903,22.0027],[-100.7985,22.0446],[-100.7784,22.0403],[-100.7783,22.0596],[-100.7421,22.0537],[-100.7739,22.1479],[-100.7428,22.1414],[-100.7069,22.2076],[-100.7199,22.2089],[-100.7229,22.2552],[-100.7819,22.2532],[-100.762,22.2738],[-100.8103,22.2609],[-100.8153,22.2867],[-100.8433,22.2944],[-100.8003,22.3261],[-100.797,22.3454],[-100.7823,22.3286],[-100.7899,22.3647],[-100.7505,22.3629],[-100.754,22.3431],[-100.696,22.3385],[-100.6778,22.3618],[-100.6741,22.3479],[-100.649,22.3609],[-100.6313,22.3447],[-100.5979,22.3592],[-100.5945,22.3754],[-100.5569,22.3701],[-100.5222,22.4349],[-100.4877,22.4338],[-100.4652,22.383],[-100.4494,22.3908],[-100.4459,22.4176],[-100.5077,22.5503],[-100.5682,22.5622],[-100.4801,22.5604],[-100.4182,22.5017],[-100.3741,22.5284],[-100.3255,22.4983],[-100.3134,22.5123],[-100.3389,22.5778],[-100.3218,22.5956],[-100.2517,22.5323],[-100.2326,22.5586],[-100.1935,22.5249],[-100.1535,22.5536],[-100.1183,22.5019],[-100.0997,22.5551],[-100.0541,22.6124],[-100.0224,22.7259],[-99.9568,22.7516],[-99.8422,22.7362],[-99.8478,22.6781],[-99.8208,22.6608],[-99.7241,22.6596],[-99.6826,22.6811],[-99.5607,22.6412],[-99.5347,22.6128],[-99.4946,22.6209],[-99.5393,22.7291],[-99.5643,22.7481],[-99.5342,22.7682],[-99.5397,22.8058],[-99.4997,22.8207],[-99.5175,22.8381],[-99.5042,22.8968],[-99.5423,22.9259],[-99.5098,22.9288],[-99.5152,22.9402],[-99.4742,22.9702],[-99.4989,23.0349],[-99.4809,23.0271],[-99.4864,23.0757],[-99.4732,23.0785],[-99.5419,23.1148],[-99.5961,23.1123],[-99.599,23.1707],[-99.6327,23.1692],[-99.6471,23.2203],[-99.6129,23.2186],[-99.6365,23.2259],[-99.6223,23.2296],[-99.6458,23.2489],[-99.6207,23.243],[-99.6548,23.2976],[-99.6515,23.3565],[-99.6192,23.4272],[-99.5815,23.424],[-99.6803,23.675],[-99.6578,23.6777],[-99.6455,23.6998],[-99.6662,23.7497],[-99.6601,23.7707],[-99.8056,23.7843],[-99.8607,23.7744],[-99.8516,23.7452],[-99.8829,23.7236],[-99.908,23.79],[-99.945,23.7879],[-99.9423,23.838],[-99.9723,23.84],[-99.9648,23.857],[-100.0305,23.8851],[-100.0178,23.9421],[-99.9728,24.0051],[-99.8782,24.0172],[-99.8798,23.9896],[-99.8521,23.9986],[-99.8421,23.9835],[-99.8371,24.0052],[-99.7866,24.015],[-99.7668,23.9847],[-99.7437,24.0284],[-99.5709,24.0394],[-99.6571,24.118],[-99.6478,24.2181],[-99.5943,24.3309],[-99.5899,24.3961],[-99.6116,24.4527],[-99.6357,24.443],[-99.6598,24.5022],[-99.6615,24.4573],[-99.7239,24.5013],[-99.733,24.554],[-99.6096,24.6223],[-99.5459,24.6129],[-99.5447,24.6266],[-99.4996,24.641],[-99.5008,24.6793],[-99.4777,24.7129],[-99.3898,24.7396],[-99.3644,24.772],[-99.3291,24.777],[-99.2954,24.8035],[-99.2129,24.7717],[-99.1818,24.7759],[-99.2082,24.865],[-99.1136,24.8403],[-99.1625,24.9104],[-99.1809,25.0114],[-99.1564,25.0281],[-99.1609,25.0556],[-99.0978,25.063],[-99.0526,25.1272],[-99.029,25.1107],[-99.0192,25.07],[-98.9393,25.0716],[-98.9164,25.0885],[-98.8953,25.0703],[-98.896,25.1036],[-98.5099,25.3853],[-98.4509,25.3775],[-98.4425,25.4299],[-98.423,25.4474],[-98.4321,25.4967],[-98.3773,25.4897],[-98.3746,25.4583],[-98.2978,25.4664],[-98.2627,25.5044],[-98.2384,25.4755],[-98.2394,25.446],[-98.0587,25.4464],[-98.0587,25.4259],[-98.029,25.4259],[-98.0289,25.4439],[-97.9793,25.4441],[-97.9793,25.4261],[-97.9495,25.426],[-97.9494,25.3809],[-97.8998,25.3759],[-97.878,25.3964],[-97.7904,25.3264]]]]}},{"type":"Feature","properties":{"clv":"X","name":"Golfo Centro","pressure":6.4,"grade":"Sin estres"},"geometry":{"type":"MultiPolygon","coordinates":[[[[-97.6478,21.1854],[-97.5678,21.1051],[-97.4821,21.1383],[-97.4526,21.1368],[-97.4156,21.1072],[-97.3858,21.1316],[-97.2268,20.8286],[-97.1658,20.6438],[-96.7161,20.1728],[-96.5746,20.005],[-96.5429,19.9436],[-96.4502,19.8498],[-96.407,19.7482],[-96.3735,19.5592],[-96.313,19.4793],[-96.3212,19.4132],[-96.3004,19.3302],[-96.2567,19.2854],[-96.1808,19.2492],[-96.166,19.2191],[-96.1253,19.2279],[-96.1202,19.2038],[-96.1404,19.21],[-96.0934,19.1515],[-96.1059,19.1228],[-96.0817,19.076],[-96.0394,19.0575],[-95.972,19.0558],[-95.942,18.9085],[-95.9001,18.8586],[-95.8337,18.8186],[-95.7431,18.7905],[-95.6993,18.7569],[-95.603,18.7248],[-95.1885,18.7095],[-95.1306,18.6736],[-95.1208,18.6519],[-95.0795,18.6416],[-95.0391,18.5746],[-94.9882,18.5544],[-94.8162,18.538],[-94.7378,18.3943],[-94.6234,18.2869],[-94.6072,18.2041],[-94.5434,18.1621],[-94.4769,18.1502],[-94.3736,18.161],[-94.1302,18.2143],[-94.1285,18.169],[-94.1047,18.1739],[-94.0947,18.1606],[-94.1008,18.1272],[-94.0811,18.0957],[-94.0972,18.0785],[-94.0744,18.0588],[-94.0838,18.0064],[-94.0671,18.0098],[-94.0614,17.988],[-94.092,17.9618],[-94.083,17.8694],[-94.0332,17.8725],[-94.026,17.8403],[-93.9678,17.8454],[-93.9399,17.7529],[-93.8771,17.7565],[-93.8697,17.7392],[-93.8838,17.7353],[-93.87,17.7134],[-93.827,17.7192],[-93.8053,17.6893],[-93.7388,17.6794],[-93.7469,17.6601],[-93.7333,17.6259],[-93.7142,17.6315],[-93.6572,17.5555],[-93.6138,17.5526],[-93.6375,17.5101],[-93.6243,17.4934],[-93.6509,17.4592],[-93.6367,17.4554],[-93.6383,17.4363],[-93.695,17.3874],[-93.635,17.3376],[-93.6414,17.3178],[-93.608,17.3148],[-93.6644,17.2861],[-93.6627,17.2562],[-93.8015,17.2403],[-93.8272,17.1724],[-93.8609,17.1642],[-94.0161,16.7706],[-94.0407,16.798],[-94.1071,16.7892],[-94.1277,16.8091],[-94.1857,16.8144],[-94.1839,16.7968],[-94.2472,16.7663],[-94.234,16.7284],[-94.2502,16.708],[-94.5102,16.7048],[-94.6669,16.7252],[-94.7735,16.7577],[-94.8112,16.7727],[-94.8325,16.813],[-94.8498,16.7942],[-94.9026,16.85],[-94.9106,16.8349],[-94.954,16.8355],[-94.9847,16.7944],[-95.017,16.7911],[-94.9987,16.723],[-95.02,16.7211],[-95.017,16.675],[-95.1722,16.7007],[-95.1756,16.73],[-95.2047,16.7102],[-95.2397,16.7157],[-95.2597,16.7402],[-95.2839,16.7843],[-95.2658,16.8179],[-95.2999,16.8433],[-95.276,16.8711],[-95.28,16.903],[-95.3335,16.9556],[-95.3484,16.9354],[-95.3404,16.9244],[-95.3687,16.9223],[-95.4084,16.9549],[-95.4471,16.926],[-95.4947,16.9735],[-95.531,16.9492],[-95.4943,16.9189],[-95.5094,16.8982],[-95.5491,16.9019],[-95.5804,16.8823],[-95.5782,16.8653],[-95.6584,16.9075],[-95.6944,16.8728],[-95.717,16.8895],[-95.8363,16.8869],[-95.8256,16.9081],[-95.8461,16.9034],[-95.8441,16.938],[-95.8671,16.9325],[-95.8806,16.9599],[-95.8573,16.9626],[-95.8766,16.9721],[-95.8707,16.9893],[-95.9335,17.0001],[-95.9689,16.9039],[-95.9643,16.8765],[-95.9824,16.8914],[-96.0171,16.8798],[-96.1403,16.9176],[-96.1557,16.9589],[-96.1767,16.9674],[-96.1377,16.9824],[-96.131,17.0198],[-96.144,17.0352],[-96.1611,17.0268],[-96.1455,17.0078],[-96.1744,16.9962],[-96.207,17.0189],[-96.2067,17.0418],[-96.178,17.067],[-96.1875,17.1161],[-96.2412,17.0963],[-96.3356,17.1046],[-96.377,17.1555],[-96.4238,17.1357],[-96.423,17.1101],[-96.4494,17.0945],[-96.4614,17.1133],[-96.468,17.0978],[-96.487,17.1142],[-96.5091,17.1036],[-96.539,17.132],[-96.6064,17.1204],[-96.6216,17.1439],[-96.6473,17.1475],[-96.6849,17.2374],[-96.7118,17.2324],[-96.7479,17.2836],[-96.7137,17.3042],[-96.7338,17.3546],[-96.7233,17.3606],[-96.8176,17.4054],[-96.8439,17.3829],[-96.8725,17.4468],[-96.9339,17.4559],[-96.9467,17.5364],[-96.999,17.4849],[-97.0022,17.5006],[-97.0394,17.4854],[-96.9976,17.464],[-96.9986,17.4485],[-97.0208,17.4489],[-97.0444,17.4199],[-97.1083,17.4333],[-97.1492,17.3972],[-97.085,17.3693],[-97.1058,17.3131],[-97.1561,17.3305],[-97.1609,17.3776],[-97.1962,17.3772],[-97.2131,17.4197],[-97.2569,17.449],[-97.2576,17.5251],[-97.1982,17.5912],[-97.2677,17.6505],[-97.2878,17.6423],[-97.2999,17.6536],[-97.3001,17.6155],[-97.3245,17.6072],[-97.4323,17.7135],[-97.4779,17.7368],[-97.4794,17.7829],[-97.5185,17.7987],[-97.5331,17.8476],[-97.5833,17.8673],[-97.5844,17.883],[-97.618,17.902],[-97.5669,17.9219],[-97.5909,17.9458],[-97.583,17.9832],[-97.5521,17.9719],[-97.4835,17.9803],[-97.4818,18.0265],[-97.531,18.0464],[-97.5439,18.0334],[-97.5638,18.0625],[-97.5649,18.1095],[-97.6525,18.1728],[-97.6297,18.1975],[-97.6362,18.2474],[-97.672,18.3167],[-97.6501,18.3075],[-97.5869,18.3298],[-97.626,18.4281],[-97.5883,18.4722],[-97.6214,18.4715],[-97.6368,18.503],[-97.6503,18.5029],[-97.65,18.5452],[-97.6604,18.5411],[-97.6726,18.5729],[-97.7283,18.5677],[-97.7508,18.5771],[-97.7386,18.5879],[-97.7599,18.6038],[-97.7082,18.7087],[-97.712,18.7239],[-97.753,18.7395],[-97.7129,18.822],[-97.6519,18.8279],[-97.6394,18.7901],[-97.6137,18.7956],[-97.6305,18.7828],[-97.6211,18.7765],[-97.5973,18.7754],[-97.5978,18.7626],[-97.5554,18.7412],[-97.5256,18.7439],[-97.5234,18.7096],[-97.5088,18.7155],[-97.5199,18.7235],[-97.5071,18.7498],[-97.5232,18.7507],[-97.5049,18.7852],[-97.4661,18.7609],[-97.4538,18.7822],[-97.465,18.7867],[-97.4464,18.8017],[-97.4089,18.8027],[-97.4103,18.8222],[-97.384,18.8119],[-97.3689,18.8254],[-97.3944,18.8564],[-97.4242,18.8708],[-97.4428,18.8633],[-97.4454,18.8873],[-97.4346,18.8968],[-97.4082,18.874],[-97.3886,18.9036],[-97.3582,18.8997],[-97.3605,18.9696],[-97.2936,18.9886],[-97.2667,19.0303],[-97.2606,19.0981],[-97.1972,19.1465],[-97.2097,19.1598],[-97.1946,19.1718],[-97.2195,19.1942],[-97.2492,19.176],[-97.2769,19.1846],[-97.2604,19.2078],[-97.2651,19.2526],[-97.2338,19.2643],[-97.2568,19.2866],[-97.2503,19.3339],[-97.2067,19.3268],[-97.2075,19.3551],[-97.2847,19.3917],[-97.3604,19.376],[-97.3717,19.4031],[-97.3939,19.407],[-97.3899,19.4291],[-97.358,19.4328],[-97.3474,19.451],[-97.3515,19.4899],[-97.4017,19.4943],[-97.4061,19.5264],[-97.4269,19.5421],[-97.4288,19.6344],[-97.4129,19.6544],[-97.4073,19.642],[-97.395,19.6994],[-97.4022,19.6781],[-97.4833,19.6423],[-97.511,19.7057],[-97.599,19.6365],[-97.5994,19.6898],[-97.6065,19.6784],[-97.6123,19.6889],[-97.6256,19.6408],[-97.6705,19.6536],[-97.705,19.6192],[-97.6924,19.6042],[-97.7317,19.5584],[-97.7128,19.5485],[-97.7212,19.5313],[-97.7833,19.5345],[-97.7943,19.4986],[-97.8404,19.4645],[-97.856,19.4907],[-97.8957,19.5026],[-97.8702,19.5621],[-97.9164,19.5937],[-97.9477,19.5854],[-97.9807,19.6285],[-98.0421,19.64],[-98.0356,19.6838],[-98.0572,19.7275],[-98.101,19.6678],[-98.1178,19.6882],[-98.1655,19.6673],[-98.2411,19.6758],[-98.2554,19.7187],[-98.1958,19.7416],[-98.1945,19.7656],[-98.2349,19.777],[-98.2711,19.8462],[-98.3151,19.8551],[-98.2687,19.8968],[-98.2678,19.9161],[-98.2481,19.9175],[-98.2513,19.9483],[-98.2222,19.947],[-98.2158,19.9685],[-98.1807,19.9597],[-98.1608,19.977],[-98.1809,20.0453],[-98.1578,20.0842],[-98.2739,20.0766],[-98.2467,20.131],[-98.2903,20.1768],[-98.2929,20.1927],[-98.2601,20.2152],[-98.2789,20.2253],[-98.2934,20.2917],[-98.3197,20.3113],[-98.311,20.3224],[-98.3336,20.3296],[-98.3377,20.3125],[-98.3694,20.3022],[-98.387,20.3187],[-98.534,20.346],[-98.5487,20.3603],[-98.5497,20.4354],[-98.5859,20.483],[-98.587,20.5027],[-98.5577,20.5094],[-98.5255,20.5449],[-98.5222,20.588],[-98.4807,20.5889],[-98.4943,20.6444],[-98.4634,20.667],[-98.4434,20.7099],[-98.336,20.685],[-98.2974,20.7025],[-98.3041,20.6875],[-98.2835,20.6694],[-98.2647,20.6836],[-98.2539,20.6699],[-98.2213,20.6757],[-98.1866,20.7033],[-98.1841,20.7396],[-98.0984,20.733],[-98.114,20.7429],[-98.1107,20.7599],[-98.0972,20.7535],[-98.088,20.7752],[-98.113,20.7877],[-98.0988,20.796],[-98.1353,20.8108],[-98.1375,20.8288],[-98.1213,20.8256],[-98.1045,20.8709],[-98.0776,20.863],[-98.0405,20.8951],[-98.002,20.8778],[-98.01,20.8614],[-97.9907,20.8775],[-97.9426,20.8345],[-97.9189,20.8609],[-97.915,20.8756],[-97.9299,20.8794],[-97.8973,20.9005],[-97.8774,20.8957],[-97.8817,20.9297],[-97.8508,20.9767],[-97.8999,20.9971],[-97.9088,20.9877],[-97.9046,21.0024],[-97.9256,20.998],[-97.926,21.01],[-97.9056,21.0193],[-97.9223,21.0278],[-97.9125,21.0505],[-97.8813,21.0478],[-97.8733,21.0629],[-97.9173,21.1067],[-97.9401,21.1025],[-97.9416,21.1668],[-97.9677,21.1857],[-97.9153,21.1979],[-97.8771,21.2371],[-97.8185,21.2195],[-97.7945,21.2392],[-97.7076,21.1921],[-97.6478,21.1854]]]]}},{"type":"Feature","properties":{"clv":"XI","name":"Frontera Sur","pressure":1.7,"grade":"Sin estres"},"geometry":{"type":"MultiPolygon","coordinates":[[[[-92.4834,18.647],[-92.4684,18.6509],[-92.4662,18.6177],[-92.4285,18.5617],[-92.4145,18.4877],[-92.3641,18.4634],[-92.3527,18.442],[-92.3226,18.473],[-92.3103,18.4555],[-92.1762,18.4581],[-92.2179,18.5197],[-92.2075,18.5479],[-92.1601,18.5482],[-92.1339,18.5795],[-92.1018,18.5747],[-92.0763,18.5891],[-92.0826,18.5407],[-92.028,18.5254],[-92.0133,18.5378],[-91.9757,18.5095],[-91.898,18.545],[-91.8574,18.5267],[-91.8519,18.5055],[-91.8807,18.5096],[-91.8552,18.4835],[-91.8575,18.4398],[-91.8433,18.4218],[-91.8434,18.4359],[-91.8254,18.4358],[-91.8497,18.4063],[-91.8373,18.4014],[-91.8582,18.3943],[-91.8614,18.35],[-91.9277,18.3146],[-91.9064,18.2894],[-91.8464,18.3281],[-91.8267,18.3229],[-91.8301,18.2633],[-91.8041,18.1935],[-91.7779,18.1745],[-91.7731,18.1113],[-91.7714,18.1701],[-91.7523,18.185],[-91.7343,18.1647],[-91.754,18.1504],[-91.7326,18.1018],[-91.7325,18.0633],[-91.7607,18.056],[-91.7516,18.0332],[-91.7269,18.0184],[-91.6572,18.0234],[-91.7536,18.0099],[-91.7177,17.9606],[-91.7388,17.9362],[-91.6389,17.8739],[-91.6331,17.9049],[-91.6124,17.9124],[-91.6248,17.949],[-91.6111,18.0949],[-91.5723,18.1419],[-91.58,18.1581],[-91.5346,18.1461],[-91.5097,18.171],[-91.5019,18.1553],[-91.5151,18.155],[-91.5164,18.1306],[-91.504,18.1165],[-91.3845,18.064],[-91.3277,18.0628],[-91.2175,17.9749],[-91.1451,17.9752],[-91.1514,17.9625],[-91.1334,17.9579],[-91.1311,17.9823],[-91.1136,17.9758],[-91.1203,17.9633],[-90.988,17.9624],[-90.9875,17.251],[-91.4397,17.2509],[-91.4346,17.2328],[-91.4189,17.2092],[-91.3545,17.1905],[-91.3479,17.1594],[-91.3245,17.1827],[-91.2665,17.1701],[-91.267,17.1078],[-91.2262,17.0942],[-91.1758,17.016],[-91.1216,17.0021],[-91.1201,16.9775],[-91.0643,16.9248],[-91.0657,16.9028],[-91.0057,16.8854],[-90.9879,16.863],[-90.9851,16.8979],[-90.965,16.9015],[-90.9545,16.8844],[-90.9741,16.8636],[-90.9337,16.8593],[-90.9218,16.8219],[-90.8757,16.823],[-90.8488,16.7965],[-90.8041,16.7987],[-90.8025,16.7759],[-90.7153,16.7279],[-90.6576,16.6394],[-90.6535,16.5937],[-90.6669,16.5818],[-90.6447,16.579],[-90.6405,16.5958],[-90.6256,16.5776],[-90.6471,16.5605],[-90.6454,16.5186],[-90.6166,16.5217],[-90.6058,16.502],[-90.634,16.4812],[-90.5944,16.4906],[-90.5885,16.4696],[-90.547,16.4823],[-90.5278,16.4576],[-90.5142,16.4698],[-90.4958,16.4534],[-90.4804,16.4612],[-90.4861,16.4238],[-90.4208,16.4248],[-90.4077,16.4039],[-90.3943,16.4158],[-90.4012,16.3913],[-90.3702,16.3675],[-90.4098,16.3629],[-90.4093,16.3457],[-90.4031,16.3609],[-90.3813,16.3392],[-90.4104,16.3286],[-90.4131,16.3062],[-90.4377,16.3031],[-90.4409,16.2806],[-90.4225,16.259],[-90.4548,16.2485],[-90.4278,16.2318],[-90.4567,16.2093],[-90.4529,16.186],[-90.4245,16.1629],[-90.4503,16.1497],[-90.4279,16.1369],[-90.4298,16.1175],[-90.4515,16.1242],[-90.4567,16.1119],[-90.4537,16.092],[-90.4251,16.1034],[-90.4409,16.0739],[-91.7314,16.0739],[-92.2101,15.2611],[-92.0592,15.0702],[-92.0857,15.0206],[-92.1308,15.0132],[-92.1508,14.9868],[-92.1363,14.8915],[-92.1849,14.8281],[-92.1608,14.7734],[-92.17,14.7436],[-92.1475,14.7189],[-92.1457,14.6637],[-92.177,14.6264],[-92.1825,14.5782],[-92.2268,14.532],[-92.4108,14.6949],[-92.9551,15.2562],[-93.4735,15.7034],[-93.787,15.9191],[-94.036,16.022],[-94.0886,16.093],[-94.1064,16.1508],[-94.1531,16.1231],[-94.203,16.153],[-94.217,16.1355],[-94.2826,16.1431],[-94.3973,16.1777],[-94.4442,16.2154],[-94.3868,16.2113],[-94.4412,16.2283],[-94.4314,16.2473],[-94.4089,16.2355],[-94.4149,16.2855],[-94.3727,16.2963],[-94.3643,16.3386],[-94.2995,16.3423],[-94.259,16.4327],[-94.2371,16.4258],[-94.204,16.4443],[-94.1996,16.484],[-94.141,16.4605],[-93.8609,17.1642],[-93.8272,17.1724],[-93.8015,17.2403],[-93.6627,17.2562],[-93.6644,17.2861],[-93.608,17.3148],[-93.6414,17.3178],[-93.635,17.3376],[-93.695,17.3874],[-93.6383,17.4363],[-93.6367,17.4554],[-93.6509,17.4592],[-93.6243,17.4934],[-93.6375,17.5101],[-93.6155,17.5551],[-93.6572,17.5555],[-93.7142,17.6315],[-93.7333,17.6259],[-93.7469,17.6601],[-93.7388,17.6794],[-93.8053,17.6893],[-93.827,17.7192],[-93.87,17.7134],[-93.8838,17.7353],[-93.8697,17.7392],[-93.8771,17.7565],[-93.9399,17.7529],[-93.9678,17.8454],[-94.026,17.8403],[-94.0332,17.8725],[-94.0832,17.8697],[-94.092,17.9618],[-94.0614,17.988],[-94.0671,18.0098],[-94.0838,18.0064],[-94.0744,18.0588],[-94.0972,18.0785],[-94.0811,18.0957],[-94.1008,18.1272],[-94.0947,18.1606],[-94.1047,18.1739],[-94.1285,18.169],[-94.1302,18.2143],[-93.5821,18.3928],[-93.4294,18.4289],[-93.2137,18.447],[-93.2124,18.4346],[-93.1925,18.4435],[-93.1867,18.431],[-93.1984,18.4533],[-93.1865,18.4414],[-93.0261,18.4312],[-92.8937,18.4439],[-92.7744,18.5026],[-92.6885,18.6188],[-92.6393,18.6119],[-92.4834,18.647]]]]}},{"type":"Feature","properties":{"clv":"XII","name":"Península de Yucatán","pressure":19.1,"grade":"Bajo"},"geometry":{"type":"MultiPolygon","coordinates":[[[[-89.7905,22.5731],[-89.7679,22.5782],[-89.7615,22.6064],[-89.7001,22.6077],[-89.6237,22.553],[-89.5788,22.4851],[-89.6115,22.3923],[-89.6599,22.3684],[-89.6411,22.3851],[-89.661,22.387],[-89.6403,22.3974],[-89.6708,22.3847],[-89.6603,22.3939],[-89.6998,22.4115],[-89.7057,22.3929],[-89.7138,22.4201],[-89.7461,22.4415],[-89.7072,22.4379],[-89.747,22.4718],[-89.7617,22.4656],[-89.7531,22.4733],[-89.7702,22.5001],[-89.7604,22.5116],[-89.7316,22.4902],[-89.7374,22.5084],[-89.7175,22.5366],[-89.7287,22.5617],[-89.7362,22.5538],[-89.7454,22.5883],[-89.7533,22.5482],[-89.7593,22.5994],[-89.7627,22.5741],[-89.7856,22.5708],[-89.7877,22.5534],[-89.7905,22.5731]]],[[[-88.3119,21.5525],[-88.2434,21.5628],[-88.1434,21.6235],[-87.9632,21.6082],[-87.7392,21.5288],[-87.4883,21.483],[-87.4764,21.4557],[-87.4292,21.4661],[-87.341,21.4301],[-87.2721,21.4302],[-87.2738,21.4411],[-87.2322,21.4163],[-87.2165,21.4407],[-87.1152,21.4648],[-87.0984,21.5301],[-87.1282,21.5524],[-87.0843,21.5874],[-87.0105,21.5553],[-86.9748,21.5084],[-86.9765,21.5462],[-86.953,21.5121],[-86.9543,21.4871],[-86.888,21.4035],[-86.8504,21.2504],[-86.8241,21.2416],[-86.8369,21.2699],[-86.7926,21.3425],[-86.7948,21.3713],[-86.8252,21.4088],[-86.8118,21.4053],[-86.8276,21.4118],[-86.8098,21.4104],[-86.796,21.3837],[-86.7965,21.4054],[-86.7913,21.3413],[-86.8162,21.285],[-86.8008,21.234],[-86.8069,21.1771],[-86.7877,21.1425],[-86.7407,21.1358],[-86.7787,21.0306],[-86.8138,21.0192],[-86.8761,20.8484],[-86.9401,20.7821],[-86.9624,20.7297],[-87.0097,20.7023],[-87.1016,20.5901],[-87.2317,20.5013],[-87.2832,20.4459],[-87.3696,20.285],[-87.4315,20.2147],[-87.4783,20.0769],[-87.4768,19.9996],[-87.4532,19.9341],[-87.4362,19.9273],[-87.4301,19.8861],[-87.4483,19.8392],[-87.4741,19.8185],[-87.4696,19.7807],[-87.4872,19.8013],[-87.4729,19.8356],[-87.4521,19.8373],[-87.4316,19.8877],[-87.4352,19.9148],[-87.4672,19.9451],[-87.4642,19.8947],[-87.4479,19.8899],[-87.4593,19.8584],[-87.4749,19.8549],[-87.4977,19.8069],[-87.5333,19.7951],[-87.5548,19.8085],[-87.5792,19.7903],[-87.643,19.6878],[-87.6675,19.6157],[-87.6894,19.6267],[-87.6608,19.6341],[-87.6495,19.6884],[-87.7425,19.6637],[-87.7485,19.5993],[-87.7077,19.5732],[-87.7021,19.5502],[-87.6768,19.5692],[-87.6696,19.5378],[-87.6875,19.5313],[-87.663,19.5287],[-87.6695,19.501],[-87.6101,19.5541],[-87.5504,19.566],[-87.5315,19.5616],[-87.5257,19.5405],[-87.4924,19.5707],[-87.5099,19.5764],[-87.5041,19.5897],[-87.4517,19.596],[-87.4544,19.648],[-87.4106,19.592],[-87.4402,19.469],[-87.5263,19.395],[-87.5647,19.3941],[-87.542,19.3984],[-87.5354,19.429],[-87.6058,19.3964],[-87.6373,19.3711],[-87.6692,19.2949],[-87.6584,19.274],[-87.6863,19.2346],[-87.6736,19.2279],[-87.6838,19.206],[-87.6378,19.1771],[-87.5778,19.2703],[-87.6122,19.2404],[-87.5464,19.3029],[-87.4888,19.3262],[-87.4456,19.3117],[-87.5364,19.2103],[-87.5499,19.0846],[-87.6276,18.9396],[-87.6722,18.7565],[-87.7136,18.7059],[-87.7414,18.539],[-87.7623,18.4968],[-87.7642,18.4177],[-87.8258,18.3173],[-87.8496,18.1843],[-87.8599,18.2162],[-87.8727,18.2102],[-87.8534,18.2294],[-87.8584,18.2446],[-87.8868,18.234],[-87.8719,18.223],[-87.8988,18.2196],[-87.8988,18.2434],[-87.8739,18.2658],[-87.8871,18.2829],[-87.8789,18.2989],[-87.8949,18.2776],[-87.8993,18.2981],[-87.8973,18.3147],[-87.897,18.2979],[-87.878,18.3189],[-87.8902,18.3256],[-87.8777,18.3469],[-87.9047,18.3587],[-87.9032,18.3843],[-87.9392,18.393],[-87.934,18.4396],[-88.0747,18.479],[-88.0642,18.4956],[-88.0779,18.5107],[-88.0447,18.5319],[-88.033,18.5699],[-88.0445,18.5817],[-87.9975,18.6673],[-88.0195,18.699],[-88.0004,18.7713],[-88.0141,18.7686],[-88.0175,18.7926],[-88.0472,18.8117],[-88.0366,18.8503],[-88.0476,18.8675],[-88.1057,18.8203],[-88.1464,18.7422],[-88.1416,18.7247],[-88.1604,18.7335],[-88.1458,18.7856],[-88.1717,18.7223],[-88.1833,18.734],[-88.1631,18.7498],[-88.199,18.7563],[-88.2553,18.7065],[-88.2669,18.6825],[-88.1937,18.7541],[-88.1795,18.7274],[-88.203,18.711],[-88.2024,18.6815],[-88.1959,18.7057],[-88.1655,18.718],[-88.1526,18.7082],[-88.1908,18.6817],[-88.2861,18.4937],[-88.3802,18.4788],[-88.4024,18.4965],[-88.4472,18.4754],[-88.4761,18.4946],[-88.5187,18.4621],[-88.5517,18.376],[-88.5444,18.3599],[-88.6059,18.2916],[-88.6047,18.2409],[-88.6944,18.1867],[-88.6801,18.1601],[-88.7188,18.1082],[-88.7167,18.0604],[-88.7667,18.0342],[-88.7845,17.9797],[-88.8595,17.9251],[-88.8598,17.8944],[-88.9137,17.9105],[-88.9448,17.959],[-88.9873,17.9472],[-89.001,17.9846],[-89.0436,18.0034],[-89.1324,17.9721],[-89.1516,17.9413],[-89.1517,17.8155],[-90.9877,17.8154],[-90.988,17.9624],[-91.1203,17.9633],[-91.1136,17.9758],[-91.1311,17.9823],[-91.1334,17.9579],[-91.1514,17.9625],[-91.1451,17.9752],[-91.2175,17.9749],[-91.3277,18.0628],[-91.3845,18.064],[-91.504,18.1165],[-91.5164,18.1306],[-91.5151,18.155],[-91.5019,18.1553],[-91.5094,18.171],[-91.5346,18.1461],[-91.58,18.1581],[-91.5723,18.1419],[-91.6111,18.0949],[-91.6248,17.949],[-91.6124,17.9124],[-91.6331,17.9049],[-91.6389,17.8739],[-91.7388,17.9362],[-91.7177,17.9606],[-91.7536,18.0099],[-91.6572,18.0234],[-91.7269,18.0184],[-91.7516,18.0332],[-91.7607,18.056],[-91.7325,18.0633],[-91.7326,18.1018],[-91.754,18.1504],[-91.7343,18.1647],[-91.7523,18.185],[-91.7714,18.1701],[-91.7731,18.1113],[-91.7779,18.1745],[-91.8041,18.1935],[-91.8301,18.2633],[-91.8267,18.3229],[-91.8464,18.3281],[-91.9064,18.2894],[-91.9277,18.3146],[-91.8614,18.35],[-91.8582,18.3943],[-91.8373,18.4014],[-91.8497,18.4063],[-91.8254,18.4358],[-91.8434,18.4359],[-91.8433,18.4218],[-91.8575,18.4398],[-91.8552,18.4835],[-91.8807,18.5096],[-91.8519,18.5055],[-91.8574,18.5267],[-91.898,18.545],[-91.9757,18.5095],[-92.0133,18.5378],[-92.028,18.5254],[-92.0826,18.5407],[-92.0771,18.5891],[-92.1362,18.5788],[-92.1641,18.5466],[-92.2075,18.5479],[-92.2179,18.5197],[-92.1762,18.4581],[-92.3103,18.4555],[-92.3226,18.473],[-92.3527,18.442],[-92.3641,18.4634],[-92.4145,18.4877],[-92.4253,18.554],[-92.4662,18.6177],[-92.4684,18.6509],[-91.9829,18.6999],[-91.9511,18.6937],[-91.9143,18.6405],[-91.8555,18.6114],[-91.8417,18.6637],[-91.743,18.6794],[-91.498,18.7904],[-91.3867,18.8966],[-91.1133,19.0352],[-90.9025,19.1813],[-90.7497,19.3178],[-90.7226,19.358],[-90.703,19.4849],[-90.7119,19.5623],[-90.6857,19.6228],[-90.7068,19.6751],[-90.6708,19.7174],[-90.6614,19.7583],[-90.5224,19.8584],[-90.5297,19.8658],[-90.5088,19.8666],[-90.4473,19.9594],[-90.4702,19.9844],[-90.4628,20.0141],[-90.4914,20.0612],[-90.4791,20.1133],[-90.4954,20.1598],[-90.4776,20.1843],[-90.5021,20.4985],[-90.4481,20.6336],[-90.4419,20.6851],[-90.4546,20.7002],[-90.4303,20.7388],[-90.4408,20.7641],[-90.3665,20.961],[-90.3238,21.0193],[-90.0949,21.1558],[-90.0019,21.1743],[-89.8452,21.2506],[-89.6678,21.2867],[-89.6813,21.3489],[-89.6647,21.2883],[-89.1102,21.3577],[-88.8407,21.3978],[-88.7382,21.4306],[-88.6078,21.5241],[-88.3998,21.5648],[-88.3119,21.5525]]],[[[-86.8372,20.5386],[-86.7239,20.5904],[-86.7939,20.4644],[-86.8312,20.4373],[-86.8984,20.3442],[-86.9924,20.273],[-87.0167,20.2986],[-87.0248,20.3561],[-87.0075,20.4299],[-86.9267,20.5513],[-86.8967,20.5656],[-86.8699,20.537],[-86.8326,20.5506],[-86.8372,20.5386]]]]}},{"type":"Feature","properties":{"clv":"XIII","name":"Aguas del Valle de México","pressure":128.6,"grade":"Muy alto"},"geometry":{"type":"MultiPolygon","coordinates":[[[[-99.0489,20.7661],[-99.0365,20.7758],[-99.0128,20.7627],[-99.0047,20.7375],[-99.024,20.7198],[-99.0049,20.6517],[-98.9692,20.6442],[-98.965,20.6305],[-98.9282,20.6457],[-98.9527,20.6036],[-98.9443,20.5821],[-98.9655,20.5678],[-98.9571,20.5305],[-98.9402,20.5299],[-98.949,20.4991],[-98.9146,20.4959],[-98.9105,20.4692],[-98.8938,20.462],[-98.9,20.4289],[-98.8134,20.3987],[-98.8037,20.3431],[-98.8241,20.3245],[-98.7859,20.3097],[-98.8201,20.2685],[-98.8139,20.2321],[-98.8393,20.1856],[-98.8301,20.1595],[-98.7807,20.1734],[-98.7938,20.1431],[-98.7484,20.1443],[-98.7376,20.1815],[-98.7026,20.1759],[-98.6616,20.207],[-98.6548,20.1458],[-98.6324,20.1472],[-98.6309,20.1295],[-98.6105,20.1328],[-98.6049,20.1169],[-98.5832,20.1261],[-98.5548,20.1022],[-98.5005,20.0952],[-98.4805,20.0762],[-98.502,20.0819],[-98.4968,20.0647],[-98.4548,20.0564],[-98.4737,20.0389],[-98.441,20.0436],[-98.4182,20.0216],[-98.3884,20.0192],[-98.3927,19.9895],[-98.3597,19.9885],[-98.3742,19.9758],[-98.3608,19.9465],[-98.3779,19.9263],[-98.3814,19.8477],[-98.3632,19.8622],[-98.3231,19.8423],[-98.3144,19.8545],[-98.2711,19.8462],[-98.2349,19.777],[-98.1936,19.7629],[-98.1958,19.7416],[-98.2377,19.7223],[-98.3321,19.7217],[-98.324,19.6849],[-98.3817,19.6093],[-98.3615,19.5853],[-98.3797,19.5832],[-98.3934,19.542],[-98.4198,19.5295],[-98.3958,19.4895],[-98.4295,19.4993],[-98.4711,19.4842],[-98.5027,19.4997],[-98.4915,19.4302],[-98.5087,19.4263],[-98.5213,19.4541],[-98.572,19.4425],[-98.6351,19.4735],[-98.6614,19.4583],[-98.6342,19.431],[-98.6602,19.4321],[-98.6556,19.3734],[-98.6382,19.3586],[-98.6605,19.3516],[-98.6635,19.3248],[-98.6276,19.2577],[-98.6495,19.1914],[-98.6407,19.1254],[-98.6255,19.1195],[-98.6392,19.0776],[-98.6782,19.0848],[-98.7075,19.0665],[-98.7656,19.0623],[-98.7841,19.0758],[-98.788,19.0553],[-98.8409,19.119],[-98.8715,19.1267],[-98.8677,19.1416],[-98.881,19.1279],[-98.9523,19.1743],[-98.9679,19.1653],[-98.9539,19.1495],[-98.9683,19.1449],[-98.9575,19.1231],[-98.9665,19.0851],[-98.9796,19.0743],[-99.0294,19.0852],[-99.0627,19.0494],[-99.1359,19.0883],[-99.2281,19.0961],[-99.2815,19.132],[-99.3084,19.2155],[-99.3431,19.2419],[-99.3411,19.2687],[-99.3652,19.2782],[-99.3497,19.2976],[-99.3832,19.3095],[-99.4043,19.3512],[-99.3958,19.4168],[-99.4326,19.4894],[-99.5222,19.5416],[-99.515,19.5733],[-99.5382,19.5942],[-99.5247,19.6149],[-99.5644,19.6412],[-99.5785,19.6038],[-99.6215,19.6316],[-99.6481,19.6659],[-99.6348,19.6887],[-99.6774,19.703],[-99.6839,19.7354],[-99.7489,19.7952],[-99.7446,19.8269],[-99.6695,19.841],[-99.6552,19.8963],[-99.6205,19.9042],[-99.5437,19.8669],[-99.5568,19.8801],[-99.5486,19.8895],[-99.5048,19.8922],[-99.4612,19.8769],[-99.4512,19.8528],[-99.4327,19.8752],[-99.4453,19.8843],[-99.436,19.9031],[-99.4638,19.8923],[-99.4837,19.905],[-99.4778,19.9605],[-99.4515,19.9635],[-99.4443,19.985],[-99.4775,19.9867],[-99.5065,20.0168],[-99.5222,19.9898],[-99.5221,20.0042],[-99.5624,20.0125],[-99.5479,20.0402],[-99.5243,20.0388],[-99.5201,20.0631],[-99.551,20.0683],[-99.5522,20.0491],[-99.5666,20.0464],[-99.5854,20.0656],[-99.5746,20.0814],[-99.584,20.1031],[-99.54,20.1024],[-99.5333,20.1202],[-99.4871,20.1051],[-99.5188,20.1469],[-99.5033,20.1562],[-99.5201,20.1924],[-99.5312,20.1788],[-99.5649,20.2078],[-99.5616,20.239],[-99.5922,20.2371],[-99.5777,20.2547],[-99.5906,20.2718],[-99.5498,20.2753],[-99.5575,20.2928],[-99.5316,20.3233],[-99.5419,20.3318],[-99.5359,20.3689],[-99.5163,20.3849],[-99.5183,20.4242],[-99.4957,20.4278],[-99.5187,20.4573],[-99.4692,20.49],[-99.4859,20.502],[-99.4729,20.5273],[-99.4888,20.5606],[-99.4647,20.5779],[-99.4714,20.6046],[-99.3936,20.6036],[-99.3642,20.5775],[-99.3288,20.5836],[-99.314,20.5704],[-99.2832,20.6093],[-99.2727,20.5848],[-99.2557,20.6104],[-99.2844,20.6548],[-99.2756,20.6993],[-99.2374,20.7077],[-99.2247,20.6903],[-99.1319,20.7139],[-99.1384,20.7303],[-99.1176,20.7348],[-99.1221,20.747],[-99.0871,20.7677],[-99.0835,20.7509],[-99.0489,20.7661]]]]}}]}